HB722501,1,HB722501_0.png
HB722501,1,HB722501_1.png
HB722501,1,HB722501_2.png
HB721103,1,HB721103_0.png
HB721103,1,HB721103_1.png
HB721103,1,HB721103_2.png
HSSE290L,1,HSSE290L_0.png
HSSE290L,1,HSSE290L_1.png
HB722502,1,HB722502_0.png
HB722502,1,HB722502_1.png
HB722502,1,HB722502_2.png
HB721003,1,HB721003_0.png
HB721003,1,HB721003_1.png
HB721003,1,HB721003_2.png
HB721501,1,HB721501_0.png
HB721501,1,HB721501_1.png
HB721501,1,HB721501_2.png
HB721101,1,HB721101_0.png
HB721101,1,HB721101_1.png
HB721101,1,HB721101_2.png
HB721102,1,HB721102_0.png
HB721102,1,HB721102_1.png
HB721102,1,HB721102_2.png
HB7215G,1,HB7215G_0.png
HB7215G,1,HB7215G_1.png
HB7215G,1,HB7215G_2.png
HB311403,1,HB311403_0.png
HB311403,1,HB311403_1.png
HB311403,1,HB311403_2.png
HSSE290F,1,HSSE290F_0.png
HSSE290F,1,HSSE290F_1.png
HB721002,1,HB721002_0.png
HB721002,1,HB721002_1.png
HB721002,1,HB721002_2.png
HB721104,1,HB721104_0.png
HB721104,1,HB721104_1.png
HB721104,1,HB721104_2.png
HB911601,1,HB911601_0.png
HB911601,1,HB911601_1.png
HB911601,1,HB911601_2.png
HB721001,1,HB721001_0.png
HB721001,1,HB721001_1.png
HB721001,1,HB721001_2.png
HBA501501,1,HBA501501_0.png
HBA501501,1,HBA501501_1.png
HBA201801,1,HBA201801_0.png
HBA201801,1,HBA201801_1.png
HA310611,1,HA310611_0.png
HA310611,1,HA310611_1.png
HA310611,1,HA310611_2.png
HA310611,1,HA310611_3.png
HA310611,1,HA310611_4.png
HB7211F,1,HB7211F_0.png
HB7211F,1,HB7211F_1.png
HB7211F,1,HB7211F_2.png
HB31H09ECN,1,HB31H09ECN_0.png
HB31H09ECN,1,HB31H09ECN_1.png
HB31H09ECN,1,HB31H09ECN_2.png
HBA201501,1,HBA201501_0.png
HBA201501,1,HBA201501_1.png
HB911501,1,HB911501_0.png
HB911501,1,HB911501_1.png
HB911501,1,HB911501_2.png
HB7205G,1,HB7205G_0.png
HB7205G,1,HB7205G_1.png
HB7205G,1,HB7205G_2.png
HB7210G,1,HB7210G_0.png
HB7210G,1,HB7210G_1.png
HB7210G,1,HB7210G_2.png
HBA501102,1,HBA501102_0.png
HBA501102,1,HBA501102_1.png
HB572201,1,HB572201_0.png
HB572201,1,HB572201_1.png
HB572201,1,HB572201_2.png
HBA501101,1,HBA501101_0.png
HBA501101,1,HBA501101_1.png
HBA201101,1,HBA201101_0.png
HBA201101,1,HBA201101_1.png
HBA501601,1,HBA501601_0.png
HBA501601,1,HBA501601_1.png
HB221801,1,HB221801_0.png
HB221801,1,HB221801_1.png
HB221801,1,HB221801_2.png
HB722602,1,HB722602_0.png
HB722602,1,HB722602_1.png
HB722602,1,HB722602_2.png
HB7210F,1,HB7210F_0.png
HB7210F,1,HB7210F_1.png
HB7210F,1,HB7210F_2.png
HB721004,1,HB721004_0.png
HB721004,1,HB721004_1.png
HB721004,1,HB721004_2.png
HSSE250LN,1,HSSE250LN_0.png
HSSE250LN,1,HSSE250LN_1.png
HSSE250LN,1,HSSE250LN_2.png
HSSE250LN,1,HSSE250LN_3.png
HSSE250LN,1,HSSE250LN_4.png
HSSE250LN,1,HSSE250LN_5.png
HSSE250LN,1,HSSE250LN_6.png
HSSE250LN,1,HSSE250LN_7.png
HSSE250LN,1,HSSE250LN_8.png
HA40E09EEF,1,HA40E09EEF_0.png
HA40E09EEF,1,HA40E09EEF_1.png
HB571605,1,HB571605_0.png
HB571605,1,HB571605_1.png
HB571605,1,HB571605_2.png
HB321601,1,HB321601_0.png
HB31F11EB,1,HB31F11EB_0.png
HB31F11EB,1,HB31F11EB_1.png
HB31F11EB,1,HB31F11EB_2.png
HB571105,1,HB571105_0.png
HB571105,1,HB571105_1.png
HB571105,1,HB571105_2.png
HB311302,1,HB311302_0.png
HB311302,1,HB311302_1.png
HB311302,1,HB311302_2.png
HB7209F,1,HB7209F_0.png
HB7209F,1,HB7209F_1.png
HB7209F,1,HB7209F_2.png
HBA221801,1,HBA221801_0.png
HBA221801,1,HBA221801_1.png
HM50S10ECE,1,HM50S10ECE_0.png
HM50S10ECE,1,HM50S10ECE_1.png
HB722601,1,HB722601_0.png
HB722601,1,HB722601_1.png
HB722601,1,HB722601_2.png
HB311303,1,HB311303_0.png
HB311303,1,HB311303_1.png
HB311303,1,HB311303_2.png
HB311402,1,HB311402_0.png
HB311402,1,HB311402_1.png
HB311402,1,HB311402_2.png
HBA501801,1,HBA501801_0.png
HBA501801,1,HBA501801_1.png
HB571801,1,HB571801_0.png
HB571801,1,HB571801_1.png
HB571801,1,HB571801_2.png
HM30S11EBE,1,HM30S11EBE_0.png
HM30S11EBE,1,HM30S11EBE_1.png
HA40E11EEF,1,HA40E11EEF_0.png
HA40E11EEF,1,HA40E11EEF_1.png
HM20S15EBE,1,HM20S15EBE_0.png
HM20S15EBE,1,HM20S15EBE_1.png
HBA221501,1,HBA221501_0.png
HBA221501,1,HBA221501_1.png
HB221601,1,HB221601_0.png
HB221601,1,HB221601_1.png
HB221601,1,HB221601_2.png
HB31H09EBN,1,HB31H09EBN_0.png
HB31H09EBN,1,HB31H09EBN_1.png
HB31H09EBN,1,HB31H09EBN_2.png
HM50S11ECE,1,HM50S11ECE_0.png
HM50S11ECE,1,HM50S11ECE_1.png
HM40L09ECE,1,HM40L09ECE_0.png
HM40L09ECE,1,HM40L09ECE_1.png
HA20C11EE,1,HA20C11EE_0.png
HA20C11EE,1,HA20C11EE_1.png
HA40E15EEF,1,HA40E15EEF_0.png
HA40E15EEF,1,HA40E15EEF_1.png
HA51M11EAE,1,HA51M11EAE_0.png
HA51M11EAE,1,HA51M11EAE_1.png
HB311103,1,HB311103_0.png
HB311103,1,HB311103_1.png
HB311103,1,HB311103_2.png
HBA221101,1,HBA221101_0.png
HBA221101,1,HBA221101_1.png
HA51M10EAE,1,HA51M10EAE_0.png
HA51M10EAE,1,HA51M10EAE_1.png
HM10S18EB,1,HM10S18EB_0.png
HM10S18EB,1,HM10S18EB_1.png
HB321102,1,HB321102_0.png
HB321102,1,HB321102_1.png
HB311102,1,HB311102_0.png
HB311102,1,HB311102_1.png
HB311102,1,HB311102_2.png
HA51M11EBE,1,HA51M11EBE_0.png
HA51M11EBE,1,HA51M11EBE_1.png
HB31H15ED,1,HB31H15ED_0.png
HB31H15ED,1,HB31H15ED_1.png
HB31H15ED,1,HB31H15ED_2.png
HB321101,1,HB321101_0.png
HB321101,1,HB321101_1.png
HA51M15EAE,1,HA51M15EAE_0.png
HA51M15EAE,1,HA51M15EAE_1.png
HBA112202,1,HBA112202_0.png
HBA112202,1,HBA112202_1.png
HBA112202,1,HBA112202_2.png
HM20S18ECE,1,HM20S18ECE_0.png
HM20S18ECE,1,HM20S18ECE_1.png
HBA112201,1,HBA112201_0.png
HBA112201,1,HBA112201_1.png
HBA112201,1,HBA112201_2.png
HM40L11ECE,1,HM40L11ECE_0.png
HM40L11ECE,1,HM40L11ECE_1.png
HA51M10EBE,1,HA51M10EBE_0.png
HA51M10EBE,1,HA51M10EBE_1.png
HA51M15EBE,1,HA51M15EBE_0.png
HA51M15EBE,1,HA51M15EBE_1.png
HA40E10EEF,1,HA40E10EEF_0.png
HA40E10EEF,1,HA40E10EEF_1.png
HB31H09EE,1,HB31H09EE_0.png
HB31H09EE,1,HB31H09EE_1.png
HB31H09EE,1,HB31H09EE_2.png
HM20S11EBE,1,HM20S11EBE_0.png
HM20S11EBE,1,HM20S11EBE_1.png
HB31H09EF,1,HB31H09EF_0.png
HB31H09EF,1,HB31H09EF_1.png
HB31H09EF,1,HB31H09EF_2.png
HB31F11EE,1,HB31F11EE_0.png
HB31F11EE,1,HB31F11EE_1.png
HB31F11EE,1,HB31F11EE_2.png
HM10S18EC,1,HM10S18EC_0.png
HM10S18EC,1,HM10S18EC_1.png
HM40F09EBE,1,HM40F09EBE_0.png
HM40F09EBE,1,HM40F09EBE_1.png
HB31H15EB,1,HB31H15EB_0.png
HB31H15EB,1,HB31H15EB_1.png
HB31H15EB,1,HB31H15EB_2.png
HM10S18EA,1,HM10S18EA_0.png
HM10S18EA,1,HM10S18EA_1.png
HB31F11EC,1,HB31F11EC_0.png
HB31F11EC,1,HB31F11EC_1.png
HB31F11EC,1,HB31F11EC_2.png
HM30S15EBE,1,HM30S15EBE_0.png
HM30S15EBE,1,HM30S15EBE_1.png
HBA3008S,1,HBA3008S_0.png
HBA3008S,1,HBA3008S_1.png
HM20S15ECE,1,HM20S15ECE_0.png
HM20S15ECE,1,HM20S15ECE_1.png
HM40L15ECE,1,HM40L15ECE_0.png
HM40L15ECE,1,HM40L15ECE_1.png
HBA111101,1,HBA111101_0.png
HBA111101,1,HBA111101_1.png
HBA111101,1,HBA111101_2.png
HA51M12EAE,1,HA51M12EAE_0.png
HA51M12EAE,1,HA51M12EAE_1.png
HB31F11ED,1,HB31F11ED_0.png
HB31F11ED,1,HB31F11ED_1.png
HB31F11ED,1,HB31F11ED_2.png
HM20S16EBE,1,HM20S16EBE_0.png
HM20S16EBE,1,HM20S16EBE_1.png
HBA111501,1,HBA111501_0.png
HBA111501,1,HBA111501_1.png
HBA111501,1,HBA111501_2.png
HA10C18EE,1,HA10C18EE_0.png
HA10C18EE,1,HA10C18EE_1.png
IBG20AW00A,1,IBG20AW00A_0.png
IBG20AW00A,1,IBG20AW00A_1.png
IBG20AW00A,1,IBG20AW00A_2.png
HBA511801,1,HBA511801_0.png
HBA511801,1,HBA511801_1.png
HM10S15EA,1,HM10S15EA_0.png
HM10S15EA,1,HM10S15EA_1.png
HM20S11ECE,1,HM20S11ECE_0.png
HM20S11ECE,1,HM20S11ECE_1.png
HM40F11EBE,1,HM40F11EBE_0.png
HM40F11EBE,1,HM40F11EBE_1.png
HM10S16EC,1,HM10S16EC_0.png
HM10S16EC,1,HM10S16EC_1.png
HBA511601,1,HBA511601_0.png
HBA511601,1,HBA511601_1.png
HM10S15EB,1,HM10S15EB_0.png
HM10S15EB,1,HM10S15EB_1.png
HM10S15EC,1,HM10S15EC_0.png
HM10S15EC,1,HM10S15EC_1.png
HA20C15EE,1,HA20C15EE_0.png
HA20C15EE,1,HA20C15EE_1.png
HA10C16EE,1,HA10C16EE_0.png
HA10C16EE,1,HA10C16EE_1.png
HM10S16EB,1,HM10S16EB_0.png
HM10S16EB,1,HM10S16EB_1.png
HBA511101,1,HBA511101_0.png
HBA511101,1,HBA511101_1.png
HM20S18EBE,1,HM20S18EBE_0.png
HM20S18EBE,1,HM20S18EBE_1.png
HA10C15EE,1,HA10C15EE_0.png
HA10C15EE,1,HA10C15EE_1.png
HM40F15EBE,1,HM40F15EBE_0.png
HM40F15EBE,1,HM40F15EBE_1.png
HBA511501,1,HBA511501_0.png
HBA511501,1,HBA511501_1.png
HM20S16ECE,1,HM20S16ECE_0.png
HM20S16ECE,1,HM20S16ECE_1.png
HA20C16EE,1,HA20C16EE_0.png
HA20C16EE,1,HA20C16EE_1.png
HA20C18EE,1,HA20C18EE_0.png
HA20C18EE,1,HA20C18EE_1.png
HM10S16EA,1,HM10S16EA_0.png
HM10S16EA,1,HM10S16EA_1.png
HSSE250LM,1,HSSE250LM_0.png
HSSE250LM,1,HSSE250LM_1.png
HSSE250LM,1,HSSE250LM_2.png
HSSE250LM,1,HSSE250LM_3.png
HSSE250LM,1,HSSE250LM_4.png
HSSE250LM,1,HSSE250LM_5.png
HSSE250LM,1,HSSE250LM_6.png
HSSE250LM,1,HSSE250LM_7.png
HSSE250LM,1,HSSE250LM_8.png
HBA3008P,1,HBA3008P_0.png
HBA3008P,1,HBA3008P_1.png
IBM0001A,1,IBM0001A_0.png
IBM0001A,1,IBM0001A_1.png
HBA511102,1,HBA511102_0.png
HBA511102,1,HBA511102_1.png
HA43E11EFN,1,HA43E11EFN_0.png
HA43E11EFN,1,HA43E11EFN_1.png
HA43E11EFN,1,HA43E11EFN_2.png
HA43E09EFN,1,HA43E09EFN_0.png
HA43E09EFN,1,HA43E09EFN_1.png
HA43E09EFN,1,HA43E09EFN_2.png
IBF0010A,1,IBF0010A_0.png
IBF0010A,1,IBF0010A_1.png
IBF0010A,1,IBF0010A_2.png
IMS11AC02A,1,IMS11AC02A_0.png
IMS11AC02A,1,IMS11AC02A_1.png
IMS10AC02A,1,IMS10AC02A_0.png
IMS10AC02A,1,IMS10AC02A_1.png
HMSL11EDEN,1,HMSL11EDEN_0.png
HMSL11EDEN,1,HMSL11EDEN_1.png
IBF0009A,1,IBF0009A_0.png
IBF0009A,1,IBF0009A_1.png
IBF0009A,1,IBF0009A_2.png
IBA0000A,1,IBA0000A_0.png
IBA0000A,1,IBA0000A_1.png
IBA0000A,1,IBA0000A_2.png
IBA0000A,1,IBA0000A_3.png
IMP26AA00A,1,IMP26AA00A_0.png
IMP26AA00A,1,IMP26AA00A_1.png
IMP26AA00A,1,IMP26AA00A_2.png
HA43E15EFN,1,HA43E15EFN_0.png
HA43E15EFN,1,HA43E15EFN_1.png
HA43E15EFN,1,HA43E15EFN_2.png
IMS11AB01A,1,IMS11AB01A_0.png
IMS11AB01A,1,IMS11AB01A_1.png
IMS11AB00A,1,IMS11AB00A_0.png
IMS11AB00A,1,IMS11AB00A_1.png
HA00G01EEU,1,HA00G01EEU_0.png
HA00G01EEU,1,HA00G01EEU_1.png
IMS15AB01A,1,IMS15AB01A_0.png
IMS15AB01A,1,IMS15AB01A_1.png
IMP11AA00A,1,IMP11AA00A_0.png
IMP11AA00A,1,IMP11AA00A_1.png
IMP11AA00A,1,IMP11AA00A_2.png
IMP25AA00A,1,IMP25AA00A_0.png
IMP25AA00A,1,IMP25AA00A_1.png
IMP25AA00A,1,IMP25AA00A_2.png
HMSL15EDEN,1,HMSL15EDEN_0.png
HMSL15EDEN,1,HMSL15EDEN_1.png
IMP10AA00A,1,IMP10AA00A_0.png
IMP10AA00A,1,IMP10AA00A_1.png
IMP10AA00A,1,IMP10AA00A_2.png
IMP16AA00A,1,IMP16AA00A_0.png
IMP16AA00A,1,IMP16AA00A_1.png
IMP16AA00A,1,IMP16AA00A_2.png
IMS15AB00A,1,IMS15AB00A_0.png
IMS15AB00A,1,IMS15AB00A_1.png
IAP23AA01A,1,IAP23AA01A_0.png
IAP23AA01A,1,IAP23AA01A_1.png
IAP23AA01A,1,IAP23AA01A_2.png
IMP15AA00A,1,IMP15AA00A_0.png
IMP15AA00A,1,IMP15AA00A_1.png
IMP15AA00A,1,IMP15AA00A_2.png
IAP23AA00A,1,IAP23AA00A_0.png
IAP23AA00A,1,IAP23AA00A_1.png
IAP23AA00A,1,IAP23AA00A_2.png
HA11M11EAE,1,HA11M11EAE_0.png
HA11M11EAE,1,HA11M11EAE_1.png
HMSL10ECEN,1,HMSL10ECEN_0.png
HMSL10ECEN,1,HMSL10ECEN_1.png
IMS16AB01A,1,IMS16AB01A_0.png
IMS16AB01A,1,IMS16AB01A_1.png
IMS16AB00A,1,IMS16AB00A_0.png
IMS16AB00A,1,IMS16AB00A_1.png
HW900801,1,HW900801_0.png
HW900801,1,HW900801_1.png
HW900801,1,HW900801_2.png
HD910841,1,HD910841_0.png
HD910841,1,HD910841_1.png
HD910841,1,HD910841_2.png
HSYA0006,1,HSYA0006_0.png
HSYA0006,1,HSYA0006_1.png
HSYA0006,1,HSYA0006_2.png
HSYA0006,1,HSYA0006_3.png
HSYA0006,1,HSYA0006_4.png
HD900811,1,HD900811_0.png
HD900811,1,HD900811_1.png
HD900811,1,HD900811_2.png
HDA200801,1,HDA200801_0.png
HDA200801,1,HDA200801_1.png
HPA201201,1,HPA201201_0.png
HPA201201,1,HPA201201_1.png
HP721015,1,HP721015_0.png
HP721015,1,HP721015_1.png
HPA200801,1,HPA200801_0.png
HPA200801,1,HPA200801_1.png
HPA101203,1,HPA101203_0.png
HPA101203,1,HPA101203_1.png
HPA101203,1,HPA101203_2.png
HP900641R,1,HP900641R_0.png
HP900641R,1,HP900641R_1.png
HP900641R,1,HP900641R_2.png
HD571832,1,HD571832_0.png
HD571832,1,HD571832_1.png
HD571832,1,HD571832_2.png
HYC8080P,1,HYC8080P_0.png
HYC8080P,1,HYC8080P_1.png
HYC8080P,1,HYC8080P_2.png
HDA500811,1,HDA500811_0.png
HDA500811,1,HDA500811_1.png
HPA501231,1,HPA501231_0.png
HPA501231,1,HPA501231_1.png
HP311231,1,HP311231_0.png
HP311231,1,HP311231_1.png
HDA100801,1,HDA100801_0.png
HDA100801,1,HDA100801_1.png
HDA100801,1,HDA100801_2.png
HC401002R,1,HC401002R_0.png
HC401002R,1,HC401002R_1.png
HC401002R,1,HC401002R_2.png
HC401002R,1,HC401002R_3.png
HA72R10EU,1,HA72R10EU_0.png
HA72R10EU,1,HA72R10EU_1.png
HYC8081P,1,HYC8081P_0.png
HYC8081P,1,HYC8081P_1.png
HYC8081P,1,HYC8081P_2.png
HPA101202,1,HPA101202_0.png
HPA101202,1,HPA101202_1.png
HPA101202,1,HPA101202_2.png
HU00R01EL,1,HU00R01EL_0.png
HU00R01EL,1,HU00R01EL_1.png
HP900651R,1,HP900651R_0.png
HP900651R,1,HP900651R_1.png
HP900651R,1,HP900651R_2.png
HP801033,1,HP801033_0.png
HP801033,1,HP801033_1.png
HP900841R,1,HP900841R_0.png
HP900841R,1,HP900841R_1.png
HP900841R,1,HP900841R_2.png
HA72S00EEA,1,HA72S00EEA_0.png
HA72S00EEA,1,HA72S00EEA_1.png
HD58Y103EL,1,HD58Y103EL_0.png
HD58Y103EL,1,HD58Y103EL_1.png
HD58Y103EL,1,HD58Y103EL_2.png
HCH1007,1,HCH1007_0.png
HCH1007,1,HCH1007_1.png
HCH1007,1,HCH1007_2.png
HCH1007,1,HCH1007_3.png
HE570931,1,HE570931_0.png
HE570931,1,HE570931_1.png
HE570931,1,HE570931_2.png
HE570911,1,HE570911_0.png
HE570911,1,HE570911_1.png
HE570911,1,HE570911_2.png
HU00R00EL,1,HU00R00EL_0.png
HU00R00EL,1,HU00R00EL_1.png
HU00R00EL,1,HU00R00EL_2.png
HPA101201,1,HPA101201_0.png
HPA101201,1,HPA101201_1.png
HPA101201,1,HPA101201_2.png
HD21Y050L,1,HD21Y050L_0.png
HD21Y050L,1,HD21Y050L_1.png
HA72R10AU,1,HA72R10AU_0.png
HA72R10AU,1,HA72R10AU_1.png
HC570521,1,HC570521_0.png
HC570521,1,HC570521_1.png
HC570521,1,HC570521_2.png
HPA500821,1,HPA500821_0.png
HPA500821,1,HPA500821_1.png
HPA500821,1,HPA500821_2.png
HP571041R,1,HP571041R_0.png
HP571041R,1,HP571041R_1.png
HP571041R,1,HP571041R_2.png
HYC6003,1,HYC6003_0.png
HYC6003,1,HYC6003_1.png
HPA500831,1,HPA500831_0.png
HPA500831,1,HPA500831_1.png
HC570221,1,HC570221_0.png
HC570221,1,HC570221_1.png
HC570221,1,HC570221_2.png
HC401001,1,HC401001_0.png
HC401001,1,HC401001_1.png
HC401001,1,HC401001_2.png
HC401001,1,HC401001_3.png
HCH1003N,1,HCH1003N_0.png
HCH1003N,1,HCH1003N_1.png
HA570302,1,HA570302_0.png
HA570302,1,HA570302_1.png
HA570302,1,HA570302_2.png
HD701013N,1,HD701013N_0.png
HD701013N,1,HD701013N_1.png
HC400802,1,HC400802_0.png
HC400802,1,HC400802_1.png
HYC848D,1,HYC848D_0.png
HYC848D,1,HYC848D_1.png
HYC848D,1,HYC848D_2.png
HYC848D,1,HYC848D_3.png
HYC910A,1,HYC910A_0.png
HYC910A,1,HYC910A_1.png
HYC910A,1,HYC910A_2.png
HYC910A,1,HYC910A_3.png
HA20S04EEF,1,HA20S04EEF_0.png
HA20S04EEF,1,HA20S04EEF_1.png
HYC8024,1,HYC8024_0.png
HYC8024,1,HYC8024_1.png
HYC8024,1,HYC8024_2.png
HYC8024,1,HYC8024_3.png
HYC8008,1,HYC8008_0.png
HYC8008,1,HYC8008_1.png
HYC8008,1,HYC8008_2.png
HYC8008,1,HYC8008_3.png
HC400801,1,HC400801_0.png
HC400801,1,HC400801_1.png
HSMC7085R,1,HSMC7085R_0.png
HSMC7085R,1,HSMC7085R_1.png
HSMC7085R,1,HSMC7085R_2.png
HYC8118,1,HYC8118_0.png
HYC8118,1,HYC8118_1.png
HYC8118,1,HYC8118_2.png
HYC8118,1,HYC8118_3.png
HP311041R,1,HP311041R_0.png
HP311041R,1,HP311041R_1.png
HYC8004,1,HYC8004_0.png
HYC8004,1,HYC8004_1.png
HYC8004,1,HYC8004_2.png
HYC8004,1,HYC8004_3.png
HYC8006,1,HYC8006_0.png
HYC8006,1,HYC8006_1.png
HYC8006,1,HYC8006_2.png
HYC8006,1,HYC8006_3.png
HYC8058R,1,HYC8058R_0.png
HYC8058R,1,HYC8058R_1.png
HYC8058R,1,HYC8058R_2.png
HYC8058R,1,HYC8058R_3.png
HYC8138,1,HYC8138_0.png
HYC8138,1,HYC8138_1.png
HYC8138,1,HYC8138_2.png
HYC8138,1,HYC8138_3.png
HYC8124R,1,HYC8124R_0.png
HYC8124R,1,HYC8124R_1.png
HYC8124R,1,HYC8124R_2.png
HYC8124R,1,HYC8124R_3.png
HYC848E,1,HYC848E_0.png
HYC848E,1,HYC848E_1.png
HYC848E,1,HYC848E_2.png
HYC848E,1,HYC848E_3.png
HYC8026,1,HYC8026_0.png
HYC8026,1,HYC8026_1.png
HYC8026,1,HYC8026_2.png
HYC8026,1,HYC8026_3.png
HCH1003,1,HCH1003_0.png
HCH1003,1,HCH1003_1.png
HP310651R,1,HP310651R_0.png
HP310651R,1,HP310651R_1.png
HYC8124L,1,HYC8124L_0.png
HYC8124L,1,HYC8124L_1.png
HYC8124L,1,HYC8124L_2.png
HYC8124L,1,HYC8124L_3.png
HPA511231,1,HPA511231_0.png
HPA511231,1,HPA511231_1.png
HP721025R,1,HP721025R_0.png
HP721025R,1,HP721025R_1.png
HP720605R,1,HP720605R_0.png
HP720605R,1,HP720605R_1.png
IFW0024A,1,IFW0024A_0.png
IFW0024A,1,IFW0024A_1.png
IFW0024A,1,IFW0024A_2.png
IFW0024A,1,IFW0024A_3.png
HPA510831,1,HPA510831_0.png
HPA510831,1,HPA510831_1.png
HP801043R,1,HP801043R_0.png
HP801043R,1,HP801043R_1.png
IFH00AQ00A,1,IFH00AQ00A_0.png
IFH00AQ00A,1,IFH00AQ00A_1.png
IFH00AQ00A,1,IFH00AQ00A_2.png
IFH00AQ00A,1,IFH00AQ00A_3.png
HYC911A,1,HYC911A_0.png
HYC911A,1,HYC911A_1.png
HYC911A,1,HYC911A_2.png
IFW0025A,1,IFW0025A_0.png
IFW0025A,1,IFW0025A_1.png
IFW0025A,1,IFW0025A_2.png
IFW0025A,1,IFW0025A_3.png
HDB1E10LE,1,HDB1E10LE_0.png
HDB1E10LE,1,HDB1E10LE_1.png
HYC912D,1,HYC912D_0.png
HYC912D,1,HYC912D_1.png
HYC912D,1,HYC912D_2.png
IFW0021A,1,IFW0021A_0.png
IFW0021A,1,IFW0021A_1.png
IFW0021A,1,IFW0021A_2.png
IFW0021A,1,IFW0021A_3.png
IFO0001A,1,IFO0001A_0.png
IFO0001A,1,IFO0001A_1.png
IFO0001A,1,IFO0001A_2.png
IFO0001A,1,IFO0001A_3.png
HDB1E08HE,1,HDB1E08HE_0.png
HDB1E08HE,1,HDB1E08HE_1.png
HPB1E08AE,1,HPB1E08AE_0.png
HPB1E08AE,1,HPB1E08AE_1.png
HPB1E08CE,1,HPB1E08CE_0.png
HPB1E08CE,1,HPB1E08CE_1.png
HYC941A,1,HYC941A_0.png
HYC941A,1,HYC941A_1.png
HYC941A,1,HYC941A_2.png
IFW0022A,1,IFW0022A_0.png
IFW0022A,1,IFW0022A_1.png
IFW0022A,1,IFW0022A_2.png
IFW0022A,1,IFW0022A_3.png
IFI0010A,1,IFI0010A_0.png
IFI0010A,1,IFI0010A_1.png
IFI0010A,1,IFI0010A_2.png
IFI0010A,1,IFI0010A_3.png
IFW0023A,1,IFW0023A_0.png
IFW0023A,1,IFW0023A_1.png
IFW0023A,1,IFW0023A_2.png
IFW0023A,1,IFW0023A_3.png
IFI0009A,1,IFI0009A_0.png
IFI0009A,1,IFI0009A_1.png
IFI0009A,1,IFI0009A_2.png
IFI0009A,1,IFI0009A_3.png
HYC911C,1,HYC911C_0.png
HYC911C,1,HYC911C_1.png
HYC911C,1,HYC911C_2.png
HPB1E08BE,1,HPB1E08BE_0.png
HPB1E08BE,1,HPB1E08BE_1.png
HYC912C,1,HYC912C_0.png
HYC912C,1,HYC912C_1.png
HYC912C,1,HYC912C_2.png
HYC911B,1,HYC911B_0.png
HYC911B,1,HYC911B_1.png
HYC911B,1,HYC911B_2.png
HYC991A,1,HYC991A_0.png
HYC991A,1,HYC991A_1.png
HYC991A,1,HYC991A_2.png
HYC992D,1,HYC992D_0.png
HYC992D,1,HYC992D_1.png
HYC992D,1,HYC992D_2.png
HYC991B,1,HYC991B_0.png
HYC991B,1,HYC991B_1.png
HYC991B,1,HYC991B_2.png
HYC992C,1,HYC992C_0.png
HYC992C,1,HYC992C_1.png
HYC992C,1,HYC992C_2.png
IFO0000A,1,IFO0000A_0.png
IFO0000A,1,IFO0000A_1.png
IFO0000A,1,IFO0000A_2.png
IFO0000A,1,IFO0000A_3.png
HYC991C,1,HYC991C_0.png
HYC991C,1,HYC991C_1.png
HYC991C,1,HYC991C_2.png
HYC912B,1,HYC912B_0.png
HYC912B,1,HYC912B_1.png
HYC912B,1,HYC912B_2.png
HYC941D,1,HYC941D_0.png
HYC941D,1,HYC941D_1.png
HYC941D,1,HYC941D_2.png
HYC951B,1,HYC951B_0.png
HYC951B,1,HYC951B_1.png
HYC951B,1,HYC951B_2.png
HYC951A,1,HYC951A_0.png
HYC951A,1,HYC951A_1.png
HYC951A,1,HYC951A_2.png
HYC912A,1,HYC912A_0.png
HYC912A,1,HYC912A_1.png
HYC912A,1,HYC912A_2.png
HYC993A,1,HYC993A_0.png
HYC993A,1,HYC993A_1.png
HYC993A,1,HYC993A_2.png
HYC951D,1,HYC951D_0.png
HYC951D,1,HYC951D_1.png
HYC951D,1,HYC951D_2.png
HYC913E,1,HYC913E_0.png
HYC913E,1,HYC913E_1.png
HYC913E,1,HYC913E_2.png
HYC913B,1,HYC913B_0.png
HYC913B,1,HYC913B_1.png
HYC913B,1,HYC913B_2.png
HYC941B,1,HYC941B_0.png
HYC941B,1,HYC941B_1.png
HYC941B,1,HYC941B_2.png
HYC993E,1,HYC993E_0.png
HYC993E,1,HYC993E_1.png
HYC993E,1,HYC993E_2.png
HYC992B,1,HYC992B_0.png
HYC992B,1,HYC992B_1.png
HYC992B,1,HYC992B_2.png
HYC913D,1,HYC913D_0.png
HYC913D,1,HYC913D_1.png
HYC913D,1,HYC913D_2.png
HYC913A,1,HYC913A_0.png
HYC913A,1,HYC913A_1.png
HYC913A,1,HYC913A_2.png
HYC848F,1,HYC848F_0.png
HYC848F,1,HYC848F_1.png
HYC848F,1,HYC848F_2.png
HYC848F,1,HYC848F_3.png
HYC993B,1,HYC993B_0.png
HYC993B,1,HYC993B_1.png
HYC993B,1,HYC993B_2.png
HYC993D,1,HYC993D_0.png
HYC993D,1,HYC993D_1.png
HYC993D,1,HYC993D_2.png
HYC992A,1,HYC992A_0.png
HYC992A,1,HYC992A_1.png
HYC992A,1,HYC992A_2.png
HP900511,1,HP900511_0.png
HP900511,1,HP900511_1.png
HP900511,1,HP900511_2.png
HA9003,1,HA9003_0.png
HA9003,1,HA9003_1.png
HC310522,1,HC310522_0.png
HC310522,1,HC310522_1.png
HP570422,1,HP570422_0.png
HP570422,1,HP570422_1.png
HP570422,1,HP570422_2.png
HAA100401,1,HAA100401_0.png
HAA100401,1,HAA100401_1.png
HAA100401,1,HAA100401_2.png
HAA100401,1,HAA100401_3.png
HAA100401,1,HAA100401_4.png
HPA200401,1,HPA200401_0.png
HPA200401,1,HPA200401_1.png
HAA200401,1,HAA200401_0.png
HAA200401,1,HAA200401_1.png
HP570432,1,HP570432_0.png
HP570432,1,HP570432_1.png
HP570432,1,HP570432_2.png
HPA100401,1,HPA100401_0.png
HPA100401,1,HPA100401_1.png
HPA100401,1,HPA100401_2.png
HPA100401,1,HPA100401_3.png
HPA100401,1,HPA100401_4.png
HP570421,1,HP570421_0.png
HP570421,1,HP570421_1.png
HP570421,1,HP570421_2.png
HP720516,1,HP720516_0.png
HP720516,1,HP720516_1.png
HP800421,1,HP800421_0.png
HP800421,1,HP800421_1.png
HP570832,1,HP570832_0.png
HP570832,1,HP570832_1.png
HP570832,1,HP570832_2.png
HPA300501,1,HPA300501_0.png
HPA300501,1,HPA300501_1.png
HSOP064OR,1,HSOP064OR_0.png
HSOP064OR,1,HSOP064OR_1.png
HSOP064OR,1,HSOP064OR_2.png
HSMD018,1,HSMD018_0.png
HSMD018,1,HSMD018_1.png
HSMD018,1,HSMD018_2.png
HSMD018,1,HSMD018_3.png
HPEL008,1,HPEL008_0.png
HPEL008,1,HPEL008_1.png
HL13T19HL,1,HL13T19HL_0.png
HL13T19HL,1,HL13T19HL_1.png
HL13T19HL,1,HL13T19HL_2.png
HSUD018T,1,HSUD018T_0.png
HSUD018T,1,HSUD018T_1.png
HL10Y06TL,1,HL10Y06TL_0.png
HL10Y06TL,1,HL10Y06TL_1.png
HL10Y06TL,1,HL10Y06TL_2.png
HL10Y06TL,1,HL10Y06TL_3.png
HL10Y06TL,1,HL10Y06TL_4.png
HL10Y06TL,1,HL10Y06TL_5.png
HL10Y06TL,1,HL10Y06TL_6.png
HSPD140,1,HSPD140_0.png
HSPD140,1,HSPD140_1.png
HSPD140,1,HSPD140_2.png
HSMD012,1,HSMD012_0.png
HSMD012,1,HSMD012_1.png
HSMD012,1,HSMD012_2.png
HSMD012,1,HSMD012_3.png
HSPD120,1,HSPD120_0.png
HSPD120,1,HSPD120_1.png
HSPD120,1,HSPD120_2.png
HPED112,1,HPED112_0.png
HPED112,1,HPED112_1.png
HSUA0100,1,HSUA0100_0.png
HSUA0100,1,HSUA0100_1.png
HSUD018,1,HSUD018_0.png
HSUD018,1,HSUD018_1.png
HPED014P,1,HPED014P_0.png
HPED014P,1,HPED014P_1.png
HL12T16HL,1,HL12T16HL_0.png
HL12T16HL,1,HL12T16HL_1.png
HFT018,1,HFT018_0.png
HFT018,1,HFT018_1.png
HSUD012,1,HSUD012_0.png
HSUD012,1,HSUD012_1.png
HL70Y12MLN,1,HL70Y12MLN_0.png
HL70Y12MLN,1,HL70Y12MLN_1.png
HL70Y12MLN,1,HL70Y12MLN_2.png
HL70Y12MLN,1,HL70Y12MLN_3.png
HEL410,1,HEL410_0.png
HEL410,1,HEL410_1.png
HEL410,1,HEL410_2.png
HSPD010N,1,HSPD010N_0.png
HSPD010N,1,HSPD010N_1.png
HCS760T,1,HCS760T_0.png
HCS760T,1,HCS760T_1.png
HSUD014F,1,HSUD014F_0.png
HSUD014F,1,HSUD014F_1.png
HFT014,1,HFT014_0.png
HFT014,1,HFT014_1.png
HSUD018F,1,HSUD018F_0.png
HSUD018F,1,HSUD018F_1.png
HSUD014,1,HSUD014_0.png
HSUD014,1,HSUD014_1.png
HT90Y16EL,1,HT90Y16EL_0.png
HT90Y16EL,1,HT90Y16EL_1.png
HT90Y16EL,1,HT90Y16EL_2.png
HSUD012H,1,HSUD012H_0.png
HSUD012H,1,HSUD012H_1.png
HL70Y12LLN,1,HL70Y12LLN_0.png
HL70Y12LLN,1,HL70Y12LLN_1.png
HL70Y12LLN,1,HL70Y12LLN_2.png
HL70Y12LLN,1,HL70Y12LLN_3.png
HSPD110N,1,HSPD110N_0.png
HSPD110N,1,HSPD110N_1.png
HPED012,1,HPED012_0.png
HPED012,1,HPED012_1.png
HL60Y12LL,1,HL60Y12LL_0.png
HL60Y12LL,1,HL60Y12LL_1.png
HL60Y12LL,1,HL60Y12LL_2.png
HL60Y12LL,1,HL60Y12LL_3.png
HL60Y12HL,1,HL60Y12HL_0.png
HL60Y12HL,1,HL60Y12HL_1.png
HL60Y12HL,1,HL60Y12HL_2.png
HL60Y12HL,1,HL60Y12HL_3.png
HLC0E04HU,1,HLC0E04HU_0.png
HLC0E04HU,1,HLC0E04HU_1.png
HL60Y08LL,1,HL60Y08LL_0.png
HL60Y08LL,1,HL60Y08LL_1.png
HL60Y08LL,1,HL60Y08LL_2.png
HL60Y08LL,1,HL60Y08LL_3.png
HL31Y12EL,1,HL31Y12EL_0.png
HL31Y12EL,1,HL31Y12EL_1.png
HL31Y05EL,1,HL31Y05EL_0.png
HL31Y05EL,1,HL31Y05EL_1.png
HL31Y05EL,1,HL31Y05EL_2.png
HL60Y08HL,1,HL60Y08HL_0.png
HL60Y08HL,1,HL60Y08HL_1.png
HL60Y08HL,1,HL60Y08HL_2.png
HL60Y08HL,1,HL60Y08HL_3.png
HLB0Y08HL,1,HLB0Y08HL_0.png
HLB0Y08HL,1,HLB0Y08HL_1.png
HLB0Y08HL,1,HLB0Y08HL_2.png
HLA0T12ELN,1,HLA0T12ELN_0.png
HLA0T12ELN,1,HLA0T12ELN_1.png
HLA0T12ELN,1,HLA0T12ELN_2.png
HLB0Y05EL,1,HLB0Y05EL_0.png
HLB0Y05EL,1,HLB0Y05EL_1.png
HLB0Y05EL,1,HLB0Y05EL_2.png
HLB0Y05EL,1,HLB0Y05EL_3.png
HSPA0102,1,HSPA0102_0.png
HSPA0102,1,HSPA0102_1.png
HSPA0102,1,HSPA0102_2.png
HSPA0102,1,HSPA0102_3.png
HSPA0102,1,HSPA0102_4.png
HSPA0102,1,HSPA0102_5.png
HC70Y22EL,1,HC70Y22EL_0.png
HC70Y22EL,1,HC70Y22EL_1.png
HC70Y22EL,1,HC70Y22EL_2.png
HC70Y22EL,1,HC70Y22EL_3.png
HT00Y08LL,1,HT00Y08LL_0.png
HT00Y08LL,1,HT00Y08LL_1.png
HT00Y08LL,1,HT00Y08LL_2.png
HLC0E04EU,1,HLC0E04EU_0.png
HLC0E04EU,1,HLC0E04EU_1.png
HT00Y08EL,1,HT00Y08EL_0.png
HT00Y08EL,1,HT00Y08EL_1.png
HT00Y08EL,1,HT00Y08EL_2.png
HL14E06EL,1,HL14E06EL_0.png
HL14E06EL,1,HL14E06EL_1.png
HL14E06EL,1,HL14E06EL_2.png
HL14E06EL,1,HL14E06EL_3.png
HL14E06EL,1,HL14E06EL_4.png
HL14E06EL,1,HL14E06EL_5.png
HL14E06EL,1,HL14E06EL_6.png
HSPA104,1,HSPA104_0.png
HSPA104,1,HSPA104_1.png
HLF0E09EL,1,HLF0E09EL_0.png
HLF0E09EL,1,HLF0E09EL_1.png
HL41Y12EG,1,HL41Y12EG_0.png
HL41Y12EG,1,HL41Y12EG_1.png
HL41Y12EG,1,HL41Y12EG_2.png
HXEL510,1,HXEL510_0.png
HXEL510,1,HXEL510_1.png
HLC0E04EL,1,HLC0E04EL_0.png
HLC0E04EL,1,HLC0E04EL_1.png
HLC0E04EL,1,HLC0E04EL_2.png
HLC0E04EL,1,HLC0E04EL_3.png
HLC0E04EL,1,HLC0E04EL_4.png
HT00Y06LL,1,HT00Y06LL_0.png
HT00Y06LL,1,HT00Y06LL_1.png
HT00Y06LL,1,HT00Y06LL_2.png
HT00Y06EL,1,HT00Y06EL_0.png
HT00Y06EL,1,HT00Y06EL_1.png
HT00Y06EL,1,HT00Y06EL_2.png
HXL70Y12EL,1,HXL70Y12EL_0.png
HXL70Y12EL,1,HXL70Y12EL_1.png
HXL70Y12EL,1,HXL70Y12EL_2.png
HLC0E04HL,1,HLC0E04HL_0.png
HLC0E04HL,1,HLC0E04HL_1.png
HL41Y06EG,1,HL41Y06EG_0.png
HL41Y06EG,1,HL41Y06EG_1.png
HL41Y06EG,1,HL41Y06EG_2.png
HL32Y14EF,1,HL32Y14EF_0.png
HL32Y14EF,1,HL32Y14EF_1.png
HSJL009,1,HSJL009_0.png
HSJL009,1,HSJL009_1.png
HL32Y14EL,1,HL32Y14EL_0.png
HL32Y14EL,1,HL32Y14EL_1.png
HL91T12ET,1,HL91T12ET_0.png
HL91T12ET,1,HL91T12ET_1.png
HSJL006,1,HSJL006_0.png
HSJL006,1,HSJL006_1.png
HL32Y05EL,1,HL32Y05EL_0.png
HL32Y05EL,1,HL32Y05EL_1.png
HL32Y05EL,1,HL32Y05EL_2.png
HL75Y12EE,1,HL75Y12EE_0.png
HL75Y12EE,1,HL75Y12EE_1.png
HL75Y12EE,1,HL75Y12EE_2.png
HL35E08EL,1,HL35E08EL_0.png
HL35E08EL,1,HL35E08EL_1.png
HL35E08EL,1,HL35E08EL_2.png
HL35E05EL,1,HL35E05EL_0.png
HL35E05EL,1,HL35E05EL_1.png
HL35E05EL,1,HL35E05EL_2.png
HL35E08EG,1,HL35E08EG_0.png
HL35E08EG,1,HL35E08EG_1.png
HL35E08EG,1,HL35E08EG_2.png
HP311621,1,HP311621_0.png
HP311621,1,HP311621_1.png
HP311621,1,HP311621_2.png
HP60Y202L,1,HP60Y202L_0.png
HP60Y202L,1,HP60Y202L_1.png
HP60Y202L,1,HP60Y202L_2.png
HP60Y202L,1,HP60Y202L_3.png
HP60Y222U,1,HP60Y222U_0.png
HP60Y222U,1,HP60Y222U_1.png
HP901201,1,HP901201_0.png
HP901201,1,HP901201_1.png
HP901201,1,HP901201_2.png
HP60Y202G,1,HP60Y202G_0.png
HP60Y202G,1,HP60Y202G_1.png
HP60Y202G,1,HP60Y202G_2.png
HP60Y202G,1,HP60Y202G_3.png
HP61Y18EL,1,HP61Y18EL_0.png
HP61Y18EL,1,HP61Y18EL_1.png
HSPP166,1,HSPP166_0.png
HSPP166,1,HSPP166_1.png
HC70Y18EL,1,HC70Y18EL_0.png
HC70Y18EL,1,HC70Y18EL_1.png
HP60Y061L,1,HP60Y061L_0.png
HP60Y061L,1,HP60Y061L_1.png
HP60Y061L,1,HP60Y061L_2.png
HP60Y061L,1,HP60Y061L_3.png
HP60Y222E,1,HP60Y222E_0.png
HP60Y222E,1,HP60Y222E_1.png
HP60Y222E,1,HP60Y222E_2.png
HP60Y222E,1,HP60Y222E_3.png
HSPP161,1,HSPP161_0.png
HSPP161,1,HSPP161_1.png
HP60Y083U,1,HP60Y083U_0.png
HP60Y083U,1,HP60Y083U_1.png
HP60Y083U,1,HP60Y083U_2.png
HP60Y083U,1,HP60Y083U_3.png
HCF1D20HL,1,HCF1D20HL_0.png
HCF1D20HL,1,HCF1D20HL_1.png
HCF1D20HL,1,HCF1D20HL_2.png
HP60Y061G,1,HP60Y061G_0.png
HP60Y061G,1,HP60Y061G_1.png
HP60Y061G,1,HP60Y061G_2.png
HP60Y061G,1,HP60Y061G_3.png
HP60Y083E,1,HP60Y083E_0.png
HP60Y083E,1,HP60Y083E_1.png
HP60Y083E,1,HP60Y083E_2.png
HP60Y083E,1,HP60Y083E_3.png
HC70Y16EL,1,HC70Y16EL_0.png
HC70Y16EL,1,HC70Y16EL_1.png
HC70Y16EL,1,HC70Y16EL_2.png
HC70Y16EL,1,HC70Y16EL_3.png
HCF2P21HL,1,HCF2P21HL_0.png
HCF2P21HL,1,HCF2P21HL_1.png
HCF2P21HL,1,HCF2P21HL_2.png
HCF1P20HL,1,HCF1P20HL_0.png
HCF1P20HL,1,HCF1P20HL_1.png
HCF1P20HL,1,HCF1P20HL_2.png
HCF2D21HL,1,HCF2D21HL_0.png
HCF2D21HL,1,HCF2D21HL_1.png
HCF2D21HL,1,HCF2D21HL_2.png
HCF1D20LL,1,HCF1D20LL_0.png
HCF1D20LL,1,HCF1D20LL_1.png
HCF1D20LL,1,HCF1D20LL_2.png
HCF2P31HL,1,HCF2P31HL_0.png
HCF2P31HL,1,HCF2P31HL_1.png
HCF2P31HL,1,HCF2P31HL_2.png
HCF2D31HL,1,HCF2D31HL_0.png
HCF2D31HL,1,HCF2D31HL_1.png
HCF2D31HL,1,HCF2D31HL_2.png
HCF2P21LL,1,HCF2P21LL_0.png
HCF2P21LL,1,HCF2P21LL_1.png
HCF2P21LL,1,HCF2P21LL_2.png
HCF1P20LL,1,HCF1P20LL_0.png
HCF1P20LL,1,HCF1P20LL_1.png
HCF1P20LL,1,HCF1P20LL_2.png
HCF2P31LL,1,HCF2P31LL_0.png
HCF2P31LL,1,HCF2P31LL_1.png
HCF2P31LL,1,HCF2P31LL_2.png
HCF1P10HL,1,HCF1P10HL_0.png
HCF1P10HL,1,HCF1P10HL_1.png
HCF1P10HL,1,HCF1P10HL_2.png
HCF1D05HL,1,HCF1D05HL_0.png
HCF1D05HL,1,HCF1D05HL_1.png
HCF1D05HL,1,HCF1D05HL_2.png
HCF1P10LL,1,HCF1P10LL_0.png
HCF1P10LL,1,HCF1P10LL_1.png
HCF1P10LL,1,HCF1P10LL_2.png
HCF2D21LL,1,HCF2D21LL_0.png
HCF2D21LL,1,HCF2D21LL_1.png
HCF2D21LL,1,HCF2D21LL_2.png
HCF1D05LL,1,HCF1D05LL_0.png
HCF1D05LL,1,HCF1D05LL_1.png
HCF1D05LL,1,HCF1D05LL_2.png
HCF2D31LL,1,HCF2D31LL_0.png
HCF2D31LL,1,HCF2D31LL_1.png
HCF2D31LL,1,HCF2D31LL_2.png
HCS763PF,1,HCS763PF_0.png
HCS763PF,1,HCS763PF_1.png
HCS783C,1,HCS783C_0.png
HCS783C,1,HCS783C_1.png
HCS783C,1,HCS783C_2.png
HCS4903,1,HCS4903_0.png
HCS4903,1,HCS4903_1.png
HCS4903,1,HCS4903_2.png
HCS4903,1,HCS4903_3.png
HCS762PF,1,HCS762PF_0.png
HCS762PF,1,HCS762PF_1.png
HCS763FN,1,HCS763FN_0.png
HCS763FN,1,HCS763FN_1.png
HCS763FN,1,HCS763FN_2.png
HCS5901,1,HCS5901_0.png
HCS5901,1,HCS5901_1.png
HCS5901,1,HCS5901_2.png
HCS5901,1,HCS5901_3.png
HCS5901,1,HCS5901_4.png
HCS704,1,HCS704_0.png
HCS704,1,HCS704_1.png
HCS704,1,HCS704_2.png
HCS704,1,HCS704_3.png
HCS704,1,HCS704_4.png
HCS704,1,HCS704_5.png
HCS763TFN,1,HCS763TFN_0.png
HCS763TFN,1,HCS763TFN_1.png
HCS763TFN,1,HCS763TFN_2.png
HCS783CF,1,HCS783CF_0.png
HCS783CF,1,HCS783CF_1.png
HCS714F,1,HCS714F_0.png
HCS714F,1,HCS714F_1.png
HCS714F,1,HCS714F_2.png
HCS714F,1,HCS714F_3.png
HCS710EC,1,HCS710EC_0.png
HCS710EC,1,HCS710EC_1.png
HCS710EC,1,HCS710EC_2.png
HCS713F,1,HCS713F_0.png
HCS713F,1,HCS713F_1.png
HCS713F,1,HCS713F_2.png
HCS713F,1,HCS713F_3.png
HCS783,1,HCS783_0.png
HCS783,1,HCS783_1.png
HCS783,1,HCS783_2.png
HCS6303,1,HCS6303_0.png
HCS6303,1,HCS6303_1.png
HCS6303,1,HCS6303_2.png
HCS8101,1,HCS8101_0.png
HCS8101,1,HCS8101_1.png
HCS8101,1,HCS8101_2.png
HCS762FN,1,HCS762FN_0.png
HCS762FN,1,HCS762FN_1.png
HCS762FN,1,HCS762FN_2.png
HCS664V,1,HCS664V_0.png
HCS664V,1,HCS664V_1.png
HCS664V,1,HCS664V_2.png
HCS664V,1,HCS664V_3.png
HCS5803,1,HCS5803_0.png
HCS5803,1,HCS5803_1.png
HCS5803,1,HCS5803_2.png
HCS5803,1,HCS5803_3.png
HCS5803,1,HCS5803_4.png
HCS714,1,HCS714_0.png
HCS714,1,HCS714_1.png
HCS714,1,HCS714_2.png
HCS713,1,HCS713_0.png
HCS713,1,HCS713_1.png
HCS713,1,HCS713_2.png
HCS934F,1,HCS934F_0.png
HCS934F,1,HCS934F_1.png
HCS934F,1,HCS934F_2.png
HCS934F,1,HCS934F_3.png
HCS7003N,1,HCS7003N_0.png
HCS7003N,1,HCS7003N_1.png
HCS7003N,1,HCS7003N_2.png
HCS7003N,1,HCS7003N_3.png
HCS7003N,1,HCS7003N_4.png
HCS7003N,1,HCS7003N_5.png
HCS4902,1,HCS4902_0.png
HCS4902,1,HCS4902_1.png
HCS4902,1,HCS4902_2.png
HCS4902,1,HCS4902_3.png
HCS710ECF,1,HCS710ECF_0.png
HCS710ECF,1,HCS710ECF_1.png
HCS710ECF,1,HCS710ECF_2.png
HCS710ECF,1,HCS710ECF_3.png
HCS783F,1,HCS783F_0.png
HCS783F,1,HCS783F_1.png
HCS8101F,1,HCS8101F_0.png
HCS8101F,1,HCS8101F_1.png
HCS8101F,1,HCS8101F_2.png
HCS7800B,1,HCS7800B_0.png
HCS7800B,1,HCS7800B_1.png
HCS7800B,1,HCS7800B_2.png
HCS714CR,1,HCS714CR_0.png
HCS714CR,1,HCS714CR_1.png
HCS714CR,1,HCS714CR_2.png
HCS663V,1,HCS663V_0.png
HCS663V,1,HCS663V_1.png
HCS663V,1,HCS663V_2.png
HCS663V,1,HCS663V_3.png
HCS762TFN,1,HCS762TFN_0.png
HCS762TFN,1,HCS762TFN_1.png
HCS762TFN,1,HCS762TFN_2.png
HCS782,1,HCS782_0.png
HCS782,1,HCS782_1.png
HCS782,1,HCS782_2.png
HCS714CL,1,HCS714CL_0.png
HCS714CL,1,HCS714CL_1.png
HCS714CL,1,HCS714CL_2.png
HCS883,1,HCS883_0.png
HCS883,1,HCS883_1.png
HCS883,1,HCS883_2.png
HCH9002,1,HCH9002_0.png
HCH9002,1,HCH9002_1.png
HCH9002,1,HCH9002_2.png
HCS584CR,1,HCS584CR_0.png
HCS584CR,1,HCS584CR_1.png
HCS584CR,1,HCS584CR_2.png
HCS584CR,1,HCS584CR_3.png
HCS584CR,1,HCS584CR_4.png
HCS7610BF,1,HCS7610BF_0.png
HCS7610BF,1,HCS7610BF_1.png
HCS7610BF,1,HCS7610BF_2.png
HCS584,1,HCS584_0.png
HCS584,1,HCS584_1.png
HCS584,1,HCS584_2.png
HCS584,1,HCS584_3.png
HCS584,1,HCS584_4.png
HCS704CL,1,HCS704CL_0.png
HCS704CL,1,HCS704CL_1.png
HCS704CL,1,HCS704CL_2.png
HCS704CL,1,HCS704CL_3.png
HCS704CL,1,HCS704CL_4.png
HCS704CL,1,HCS704CL_5.png
HCS714CRF,1,HCS714CRF_0.png
HCS714CRF,1,HCS714CRF_1.png
HCS714CRF,1,HCS714CRF_2.png
HCS714CRF,1,HCS714CRF_3.png
HCS782F,1,HCS782F_0.png
HCS782F,1,HCS782F_1.png
HCS774,1,HCS774_0.png
HCS774,1,HCS774_1.png
HCS774,1,HCS774_2.png
HCS7800BF,1,HCS7800BF_0.png
HCS7800BF,1,HCS7800BF_1.png
HCS5900,1,HCS5900_0.png
HCS5900,1,HCS5900_1.png
HCS5900,1,HCS5900_2.png
HCS5900,1,HCS5900_3.png
HCS5900,1,HCS5900_4.png
HCS6301,1,HCS6301_0.png
HCS6301,1,HCS6301_1.png
HCS6301,1,HCS6301_2.png
HCS5013,1,HCS5013_0.png
HCS5013,1,HCS5013_1.png
HCS5013,1,HCS5013_2.png
HCS8101N,1,HCS8101N_0.png
HCS8101N,1,HCS8101N_1.png
HCS8101N,1,HCS8101N_2.png
HCS504N,1,HCS504N_0.png
HCS504N,1,HCS504N_1.png
HCS504N,1,HCS504N_2.png
HCS933F,1,HCS933F_0.png
HCS933F,1,HCS933F_1.png
HCS933F,1,HCS933F_2.png
HCS933F,1,HCS933F_3.png
HCS714CLF,1,HCS714CLF_0.png
HCS714CLF,1,HCS714CLF_1.png
HCS714CLF,1,HCS714CLF_2.png
HCS714CLF,1,HCS714CLF_3.png
HCS504CL,1,HCS504CL_0.png
HCS504CL,1,HCS504CL_1.png
HCS504CL,1,HCS504CL_2.png
HCS884,1,HCS884_0.png
HCS884,1,HCS884_1.png
HCS884,1,HCS884_2.png
HCS898F,1,HCS898F_0.png
HCS898F,1,HCS898F_1.png
HCS898F,1,HCS898F_2.png
HCS704CR,1,HCS704CR_0.png
HCS704CR,1,HCS704CR_1.png
HCS704CR,1,HCS704CR_2.png
HCS704CR,1,HCS704CR_3.png
HCS704CR,1,HCS704CR_4.png
HCS704CR,1,HCS704CR_5.png
HCS888F,1,HCS888F_0.png
HCS888F,1,HCS888F_1.png
HCS888F,1,HCS888F_2.png
HCS883F,1,HCS883F_0.png
HCS883F,1,HCS883F_1.png
HCS883F,1,HCS883F_2.png
HCS884F,1,HCS884F_0.png
HCS884F,1,HCS884F_1.png
HCS884F,1,HCS884F_2.png
HCS878U,1,HCS878U_0.png
HCS878U,1,HCS878U_1.png
HCS878U,1,HCS878U_2.png
HCS584CL,1,HCS584CL_0.png
HCS584CL,1,HCS584CL_1.png
HCS584CL,1,HCS584CL_2.png
HCS584CL,1,HCS584CL_3.png
HCS584CL,1,HCS584CL_4.png
HCS504CR,1,HCS504CR_0.png
HCS504CR,1,HCS504CR_1.png
HCS504CR,1,HCS504CR_2.png
HCS7703,1,HCS7703_0.png
HCS7703,1,HCS7703_1.png
HCS7703,1,HCS7703_2.png
HCS894F,1,HCS894F_0.png
HCS894F,1,HCS894F_1.png
HCS894F,1,HCS894F_2.png
HCS888,1,HCS888_0.png
HCS888,1,HCS888_1.png
HCS888,1,HCS888_2.png
HCS4900,1,HCS4900_0.png
HCS4900,1,HCS4900_1.png
HCS4900,1,HCS4900_2.png
HCS4900,1,HCS4900_3.png
HCS4901,1,HCS4901_0.png
HCS4901,1,HCS4901_1.png
HCS4901,1,HCS4901_2.png
HCS4901,1,HCS4901_3.png
HCS874W,1,HCS874W_0.png
HCS874W,1,HCS874W_1.png
HCS874W,1,HCS874W_2.png
HCS878WF,1,HCS878WF_0.png
HCS878WF,1,HCS878WF_1.png
HCS878WF,1,HCS878WF_2.png
HCS834,1,HCS834_0.png
HCS834,1,HCS834_1.png
HCS834,1,HCS834_2.png
HCS834,1,HCS834_3.png
HCS7801Z,1,HCS7801Z_0.png
HCS7801Z,1,HCS7801Z_1.png
HCS7801Z,1,HCS7801Z_2.png
HCS763PLF,1,HCS763PLF_0.png
HCS763PLF,1,HCS763PLF_1.png
HCS853CL,1,HCS853CL_0.png
HCS853CL,1,HCS853CL_1.png
HCS853CL,1,HCS853CL_2.png
HCS878W,1,HCS878W_0.png
HCS878W,1,HCS878W_1.png
HCS878W,1,HCS878W_2.png
HCS753,1,HCS753_0.png
HCS753,1,HCS753_1.png
HCS753,1,HCS753_2.png
HCS8903F,1,HCS8903F_0.png
HCS8903F,1,HCS8903F_1.png
HCS8903F,1,HCS8903F_2.png
HCS5911,1,HCS5911_0.png
HCS5911,1,HCS5911_1.png
HCS5911,1,HCS5911_2.png
HCS7801ZF,1,HCS7801ZF_0.png
HCS7801ZF,1,HCS7801ZF_1.png
HCS853CR,1,HCS853CR_0.png
HCS853CR,1,HCS853CR_1.png
HCS853CR,1,HCS853CR_2.png
HCS7800C,1,HCS7800C_0.png
HCS7800C,1,HCS7800C_1.png
HCS7800C,1,HCS7800C_2.png
HCS762PLF,1,HCS762PLF_0.png
HCS762PLF,1,HCS762PLF_1.png
HCS7800CF,1,HCS7800CF_0.png
HCS7800CF,1,HCS7800CF_1.png
HCS5010C,1,HCS5010C_0.png
HCS5010C,1,HCS5010C_1.png
HCS5010B,1,HCS5010B_0.png
HCS5010B,1,HCS5010B_1.png
HCS5010B,1,HCS5010B_2.png
HCS874U,1,HCS874U_0.png
HCS874U,1,HCS874U_1.png
HCS874U,1,HCS874U_2.png
HCS8503,1,HCS8503_0.png
HCS8503,1,HCS8503_1.png
HCS8503,1,HCS8503_2.png
HCS7700,1,HCS7700_0.png
HCS7700,1,HCS7700_1.png
HCS7700,1,HCS7700_2.png
HCS753F,1,HCS753F_0.png
HCS753F,1,HCS753F_1.png
HCS874UF,1,HCS874UF_0.png
HCS874UF,1,HCS874UF_1.png
HCS874UF,1,HCS874UF_2.png
HCS878UF,1,HCS878UF_0.png
HCS878UF,1,HCS878UF_1.png
HCS878UF,1,HCS878UF_2.png
HCS874WF,1,HCS874WF_0.png
HCS874WF,1,HCS874WF_1.png
HCS874WF,1,HCS874WF_2.png
HCS873WF,1,HCS873WF_0.png
HCS873WF,1,HCS873WF_1.png
HCS873WF,1,HCS873WF_2.png
ISY30AK10A,1,ISY30AK10A_0.png
ISY30AK10A,1,ISY30AK10A_1.png
ISY30AK10A,1,ISY30AK10A_2.png
HCS873W,1,HCS873W_0.png
HCS873W,1,HCS873W_1.png
HCS873W,1,HCS873W_2.png
HCS8303,1,HCS8303_0.png
HCS8303,1,HCS8303_1.png
HCS8303,1,HCS8303_2.png
HCS8303,1,HCS8303_3.png
HCS5910,1,HCS5910_0.png
HCS5910,1,HCS5910_1.png
HCS5910,1,HCS5910_2.png
HCS870W,1,HCS870W_0.png
HCS870W,1,HCS870W_1.png
HCS870W,1,HCS870W_2.png
HCS873U,1,HCS873U_0.png
HCS873U,1,HCS873U_1.png
HCS873U,1,HCS873U_2.png
ISB0000A,1,ISB0000A_0.png
ISB0000A,1,ISB0000A_1.png
ISB0000A,1,ISB0000A_2.png
ISB0000A,1,ISB0000A_3.png
ISY20AK10A,1,ISY20AK10A_0.png
ISY20AK10A,1,ISY20AK10A_1.png
ISY20AK10A,1,ISY20AK10A_2.png
HCS870WF,1,HCS870WF_0.png
HCS870WF,1,HCS870WF_1.png
HCS870WF,1,HCS870WF_2.png
HCS8500H,1,HCS8500H_0.png
HCS8500H,1,HCS8500H_1.png
HCS8900F,1,HCS8900F_0.png
HCS8900F,1,HCS8900F_1.png
HCS8900F,1,HCS8900F_2.png
ISU0002A,1,ISU0002A_0.png
ISU0002A,1,ISU0002A_1.png
ISU0002A,1,ISU0002A_2.png
ISR20AK00A,1,ISR20AK00A_0.png
ISR20AK00A,1,ISR20AK00A_1.png
ISR20AK00A,1,ISR20AK00A_2.png
ISU0001A,1,ISU0001A_0.png
ISU0001A,1,ISU0001A_1.png
ISU0001A,1,ISU0001A_2.png
HCS873UF,1,HCS873UF_0.png
HCS873UF,1,HCS873UF_1.png
HCS873UF,1,HCS873UF_2.png
ISL20AK00A,1,ISL20AK00A_0.png
ISL20AK00A,1,ISL20AK00A_1.png
ISL20AK00A,1,ISL20AK00A_2.png
HCS9300F,1,HCS9300F_0.png
HCS9300F,1,HCS9300F_1.png
HCS9300F,1,HCS9300F_2.png
HCS9300F,1,HCS9300F_3.png
ISB0001A,1,ISB0001A_0.png
ISB0001A,1,ISB0001A_1.png
ISB0001A,1,ISB0001A_2.png
ISU0004A,1,ISU0004A_0.png
ISU0004A,1,ISU0004A_1.png
ISU0004A,1,ISU0004A_2.png
HCS870U,1,HCS870U_0.png
HCS870U,1,HCS870U_1.png
HCS870U,1,HCS870U_2.png
ILY30AK10A,1,ILY30AK10A_0.png
ILY30AK10A,1,ILY30AK10A_1.png
ILY30AK10A,1,ILY30AK10A_2.png
ISU0003A,1,ISU0003A_0.png
ISU0003A,1,ISU0003A_1.png
ISU0003A,1,ISU0003A_2.png
HCS811,1,HCS811_0.png
HCS811,1,HCS811_1.png
HCS811,1,HCS811_2.png
HCS811,1,HCS811_3.png
ISR20AJ00A,1,ISR20AJ00A_0.png
ISR20AJ00A,1,ISR20AJ00A_1.png
ISR20AJ00A,1,ISR20AJ00A_2.png
ISR20AJ00A,1,ISR20AJ00A_3.png
HCS870UF,1,HCS870UF_0.png
HCS870UF,1,HCS870UF_1.png
HCS870UF,1,HCS870UF_2.png
HCS8011F,1,HCS8011F_0.png
HCS8011F,1,HCS8011F_1.png
HCS8011F,1,HCS8011F_2.png
ILU0003A,1,ILU0003A_0.png
ILU0003A,1,ILU0003A_1.png
ILU0003A,1,ILU0003A_2.png
ILU0004A,1,ILU0004A_0.png
ILU0004A,1,ILU0004A_1.png
ILU0004A,1,ILU0004A_2.png
ILY20AK10A,1,ILY20AK10A_0.png
ILY20AK10A,1,ILY20AK10A_1.png
ILY20AK10A,1,ILY20AK10A_2.png
ISY10AJ00A,1,ISY10AJ00A_0.png
ISY10AJ00A,1,ISY10AJ00A_1.png
ISY10AJ00A,1,ISY10AJ00A_2.png
ISY10AJ00A,1,ISY10AJ00A_3.png
ISY10AJ01A,1,ISY10AJ01A_0.png
ISY10AJ01A,1,ISY10AJ01A_1.png
ISY10AJ01A,1,ISY10AJ01A_2.png
ISL20AJ00A,1,ISL20AJ00A_0.png
ISL20AJ00A,1,ISL20AJ00A_1.png
ISL20AJ00A,1,ISL20AJ00A_2.png
ISL20AJ00A,1,ISL20AJ00A_3.png
ILU0002A,1,ILU0002A_0.png
ILU0002A,1,ILU0002A_1.png
ILU0002A,1,ILU0002A_2.png
ISR20AJ01A,1,ISR20AJ01A_0.png
ISR20AJ01A,1,ISR20AJ01A_1.png
ISR20AJ01A,1,ISR20AJ01A_2.png
ILU0001A,1,ILU0001A_0.png
ILU0001A,1,ILU0001A_1.png
ILU0001A,1,ILU0001A_2.png
ILL20AK00A,1,ILL20AK00A_0.png
ILL20AK00A,1,ILL20AK00A_1.png
ILL20AK00A,1,ILL20AK00A_2.png
ILR20AK00A,1,ILR20AK00A_0.png
ILR20AK00A,1,ILR20AK00A_1.png
ILR20AK00A,1,ILR20AK00A_2.png
ISL20AJ01A,1,ISL20AJ01A_0.png
ISL20AJ01A,1,ISL20AJ01A_1.png
ISL20AJ01A,1,ISL20AJ01A_2.png
ISC00AJ00A,1,ISC00AJ00A_0.png
ISC00AJ00A,1,ISC00AJ00A_1.png
ISC00AJ00A,1,ISC00AJ00A_2.png
ISC00AJ00A,1,ISC00AJ00A_3.png
ISC00AJ01A,1,ISC00AJ01A_0.png
ISC00AJ01A,1,ISC00AJ01A_1.png
ISC00AJ01A,1,ISC00AJ01A_2.png
HCS824V,1,HCS824V_0.png
HCS824V,1,HCS824V_1.png
HCS824V,1,HCS824V_2.png
HCS824V,1,HCS824V_3.png
HSO146AN,1,HSO146AN_0.png
HSO146AN,1,HSO146AN_1.png
HSO146AN,1,HSO146AN_2.png
HSO146AN,1,HSO146AN_3.png
HSO146AN,1,HSO146AN_4.png
HSO146AN,1,HSO146AN_5.png
HSO146AN,1,HSO146AN_6.png
HSK124BSA,1,HSK124BSA_0.png
HSK124BSA,1,HSK124BSA_1.png
HSK124BSA,1,HSK124BSA_2.png
HSK124BSA,1,HSK124BSA_3.png
HSK124BSA,1,HSK124BSA_4.png
HSO145AN,1,HSO145AN_0.png
HSO145AN,1,HSO145AN_1.png
HSO145AN,1,HSO145AN_2.png
HSO145AN,1,HSO145AN_3.png
HSO145AN,1,HSO145AN_4.png
HSO145AN,1,HSO145AN_5.png
HSO145AN,1,HSO145AN_6.png
HSZ01,1,HSZ01_0.png
HSZ01,1,HSZ01_1.png
HSZ01,1,HSZ01_2.png
HSMD380F,1,HSMD380F_0.png
HSMD380F,1,HSMD380F_1.png
HSMD380F,1,HSMD380F_2.png
HSO126AN,1,HSO126AN_0.png
HSO126AN,1,HSO126AN_1.png
HSO126AN,1,HSO126AN_2.png
HSO126AN,1,HSO126AN_3.png
HSO126AN,1,HSO126AN_4.png
HSO126AN,1,HSO126AN_5.png
HSO126AN,1,HSO126AN_6.png
HSOD120N,1,HSOD120N_0.png
HSOD120N,1,HSOD120N_1.png
HSOD120N,1,HSOD120N_2.png
HSOD120N,1,HSOD120N_3.png
HSOD120N,1,HSOD120N_4.png
HSOD120N,1,HSOD120N_5.png
HSOD120N,1,HSOD120N_6.png
HSO146AMPN,1,HSO146AMPN_0.png
HSO146AMPN,1,HSO146AMPN_1.png
HSO146AMPN,1,HSO146AMPN_2.png
HSO146AMPN,1,HSO146AMPN_3.png
HSO146AMPN,1,HSO146AMPN_4.png
HSO146AMPN,1,HSO146AMPN_5.png
HSO146AMPN,1,HSO146AMPN_6.png
HSK124BA,1,HSK124BA_0.png
HSK124BA,1,HSK124BA_1.png
HSK124BA,1,HSK124BA_2.png
HSK124BA,1,HSK124BA_3.png
HSK124BA,1,HSK124BA_4.png
HSO123BN,1,HSO123BN_0.png
HSO123BN,1,HSO123BN_1.png
HSO123BN,1,HSO123BN_2.png
HSO123BN,1,HSO123BN_3.png
HSO123BN,1,HSO123BN_4.png
HSO123BN,1,HSO123BN_5.png
HSO123BN,1,HSO123BN_6.png
HSO143BN,1,HSO143BN_0.png
HSO143BN,1,HSO143BN_1.png
HSO143BN,1,HSO143BN_2.png
HSO143BN,1,HSO143BN_3.png
HSO143BN,1,HSO143BN_4.png
HSO143BN,1,HSO143BN_5.png
HSO143BN,1,HSO143BN_6.png
HSYD012H,1,HSYD012H_0.png
HSYD012H,1,HSYD012H_1.png
HSYD012H,1,HSYD012H_2.png
HSKA0000X,1,HSKA0000X_0.png
HSKA0000X,1,HSKA0000X_1.png
HSM127A,1,HSM127A_0.png
HSM127A,1,HSM127A_1.png
HSM127A,1,HSM127A_2.png
HSZ02,1,HSZ02_0.png
HSZ02,1,HSZ02_1.png
HSZ02,1,HSZ02_2.png
HSOD140,1,HSOD140_0.png
HSOD140,1,HSOD140_1.png
HSOD140,1,HSOD140_2.png
HSOD140,1,HSOD140_3.png
HSOD140,1,HSOD140_4.png
HSOD140,1,HSOD140_5.png
HSOD140,1,HSOD140_6.png
HSM147A,1,HSM147A_0.png
HSM147A,1,HSM147A_1.png
HSM147A,1,HSM147A_2.png
HSM145BE,1,HSM145BE_0.png
HSM145BE,1,HSM145BE_1.png
HSM145BE,1,HSM145BE_2.png
HSK126AA,1,HSK126AA_0.png
HSK126AA,1,HSK126AA_1.png
HSK126AA,1,HSK126AA_2.png
HSK126AA,1,HSK126AA_3.png
HSK126AA,1,HSK126AA_4.png
HSO125AMPN,1,HSO125AMPN_0.png
HSO125AMPN,1,HSO125AMPN_1.png
HSO125AMPN,1,HSO125AMPN_2.png
HSO125AMPN,1,HSO125AMPN_3.png
HSO125AMPN,1,HSO125AMPN_4.png
HSO125AMPN,1,HSO125AMPN_5.png
HSO125AMPN,1,HSO125AMPN_6.png
HSK144BAE,1,HSK144BAE_0.png
HSK144BAE,1,HSK144BAE_1.png
HSK144BAE,1,HSK144BAE_2.png
HSK144BAE,1,HSK144BAE_3.png
HSK144BAE,1,HSK144BAE_4.png
HSKA0002,1,HSKA0002_0.png
HSKA0002,1,HSKA0002_1.png
HSKA0002,1,HSKA0002_2.png
HSM147ASMP,1,HSM147ASMP_0.png
HSM147ASMP,1,HSM147ASMP_1.png
HSM147ASMP,1,HSM147ASMP_2.png
HSMD114,1,HSMD114_0.png
HSMD114,1,HSMD114_1.png
HSMD114,1,HSMD114_2.png
HSMD114,1,HSMD114_3.png
HSM145A,1,HSM145A_0.png
HSM145A,1,HSM145A_1.png
HSM145A,1,HSM145A_2.png
HSO145AMPN,1,HSO145AMPN_0.png
HSO145AMPN,1,HSO145AMPN_1.png
HSO145AMPN,1,HSO145AMPN_2.png
HSO145AMPN,1,HSO145AMPN_3.png
HSO145AMPN,1,HSO145AMPN_4.png
HSO145AMPN,1,HSO145AMPN_5.png
HSO145AMPN,1,HSO145AMPN_6.png
HLA0401,1,HLA0401_0.png
HLA0401,1,HLA0401_1.png
HLA0401,1,HLA0401_2.png
HLA0401,1,HLA0401_3.png
HLA0401,1,HLA0401_4.png
HSYD010H,1,HSYD010H_0.png
HSYD010H,1,HSYD010H_1.png
HSYD010H,1,HSYD010H_2.png
HSWD010,1,HSWD010_0.png
HSWD010,1,HSWD010_1.png
HSWD010,1,HSWD010_2.png
HSK124BBE,1,HSK124BBE_0.png
HSK124BBE,1,HSK124BBE_1.png
HSK124BBE,1,HSK124BBE_2.png
HSK124BBE,1,HSK124BBE_3.png
HSK124BBE,1,HSK124BBE_4.png
HGA0202,1,HGA0202_0.png
HGA0202,1,HGA0202_1.png
HGA0202,1,HGA0202_2.png
HGA0202,1,HGA0202_3.png
HGA0202,1,HGA0202_4.png
HGA0202,1,HGA0202_5.png
HGA0202,1,HGA0202_6.png
HSOD140TO,1,HSOD140TO_0.png
HSOD140TO,1,HSOD140TO_1.png
HSOD140TO,1,HSOD140TO_2.png
HSMD014,1,HSMD014_0.png
HSMD014,1,HSMD014_1.png
HSMD014,1,HSMD014_2.png
HSKA901N,1,HSKA901N_0.png
HSKA901N,1,HSKA901N_1.png
HSZD014C,1,HSZD014C_0.png
HSZD014C,1,HSZD014C_1.png
HSZD014C,1,HSZD014C_2.png
HSO124BN,1,HSO124BN_0.png
HSO124BN,1,HSO124BN_1.png
HSO124BN,1,HSO124BN_2.png
HSO124BN,1,HSO124BN_3.png
HSO124BN,1,HSO124BN_4.png
HSO124BN,1,HSO124BN_5.png
HSO124BN,1,HSO124BN_6.png
HSM165B,1,HSM165B_0.png
HSM165B,1,HSM165B_1.png
HSM165B,1,HSM165B_2.png
HSYD012L,1,HSYD012L_0.png
HSYD012L,1,HSYD012L_1.png
HSYD012L,1,HSYD012L_2.png
HSO125ATOR,1,HSO125ATOR_0.png
HSO125ATOR,1,HSO125ATOR_1.png
HSO125ATOR,1,HSO125ATOR_2.png
HSM125A,1,HSM125A_0.png
HSM125A,1,HSM125A_1.png
HSM125A,1,HSM125A_2.png
HSM145B,1,HSM145B_0.png
HSM145B,1,HSM145B_1.png
HSM145B,1,HSM145B_2.png
HSKA0302B,1,HSKA0302B_0.png
HSKA0302B,1,HSKA0302B_1.png
HSKA0302B,1,HSKA0302B_2.png
HSKA0302B,1,HSKA0302B_3.png
HSKA0302B,1,HSKA0302B_4.png
HSO125AN,1,HSO125AN_0.png
HSO125AN,1,HSO125AN_1.png
HSO125AN,1,HSO125AN_2.png
HSO125AN,1,HSO125AN_3.png
HSO125AN,1,HSO125AN_4.png
HSO125AN,1,HSO125AN_5.png
HSO125AN,1,HSO125AN_6.png
HSZ04,1,HSZ04_0.png
HSZ04,1,HSZ04_1.png
HSZ04,1,HSZ04_2.png
HSZD010C,1,HSZD010C_0.png
HSZD010C,1,HSZD010C_1.png
HSZD010C,1,HSZD010C_2.png
HSO146ATOR,1,HSO146ATOR_0.png
HSO146ATOR,1,HSO146ATOR_1.png
HSO146ATOR,1,HSO146ATOR_2.png
HSO144BN,1,HSO144BN_0.png
HSO144BN,1,HSO144BN_1.png
HSO144BN,1,HSO144BN_2.png
HSO144BN,1,HSO144BN_3.png
HSO144BN,1,HSO144BN_4.png
HSO144BN,1,HSO144BN_5.png
HSO144BN,1,HSO144BN_6.png
HSKA0302A,1,HSKA0302A_0.png
HSKA0302A,1,HSKA0302A_1.png
HSKA0302A,1,HSKA0302A_2.png
HSKA0302A,1,HSKA0302A_3.png
HSKA0302A,1,HSKA0302A_4.png
HSM125BE,1,HSM125BE_0.png
HSM125BE,1,HSM125BE_1.png
HSM125BE,1,HSM125BE_2.png
HSK121BS,1,HSK121BS_0.png
HSK121BS,1,HSK121BS_1.png
HSK121BS,1,HSK121BS_2.png
HSK121BS,1,HSK121BS_3.png
HSK121BS,1,HSK121BS_4.png
HSOD214,1,HSOD214_0.png
HSOD214,1,HSOD214_1.png
HSOD214,1,HSOD214_2.png
HSOD214,1,HSOD214_3.png
HSOD214,1,HSOD214_4.png
HSOD214,1,HSOD214_5.png
HSOD214,1,HSOD214_6.png
HSK126AB,1,HSK126AB_0.png
HSK126AB,1,HSK126AB_1.png
HSK126AB,1,HSK126AB_2.png
HSK126AB,1,HSK126AB_3.png
HSK126AB,1,HSK126AB_4.png
HSKD612,1,HSKD612_0.png
HSKD612,1,HSKD612_1.png
HSKD612,1,HSKD612_2.png
HSKD612,1,HSKD612_3.png
HSKD612,1,HSKD612_4.png
HSO126AMPN,1,HSO126AMPN_0.png
HSO126AMPN,1,HSO126AMPN_1.png
HSO126AMPN,1,HSO126AMPN_2.png
HSO126AMPN,1,HSO126AMPN_3.png
HSO126AMPN,1,HSO126AMPN_4.png
HSO126AMPN,1,HSO126AMPN_5.png
HSO126AMPN,1,HSO126AMPN_6.png
HSO146ATORC,1,HSO146ATORC_0.png
HSO146ATORC,1,HSO146ATORC_1.png
HSO146ATORC,1,HSO146ATORC_2.png
HSMD816E,1,HSMD816E_0.png
HSMD816E,1,HSMD816E_1.png
HSMD816E,1,HSMD816E_2.png
HSMD816E,1,HSMD816E_3.png
HAA0102,1,HAA0102_0.png
HAA0102,1,HAA0102_1.png
HL08N,1,HL08N_0.png
HL08N,1,HL08N_1.png
HL08N,1,HL08N_2.png
HL08N,1,HL08N_3.png
HL02N,1,HL02N_0.png
HL02N,1,HL02N_1.png
HL02N,1,HL02N_2.png
HL02N,1,HL02N_3.png
HSOD120TO,1,HSOD120TO_0.png
HSOD120TO,1,HSOD120TO_1.png
HSOD120TO,1,HSOD120TO_2.png
HSK124BAE,1,HSK124BAE_0.png
HSK124BAE,1,HSK124BAE_1.png
HSK124BAE,1,HSK124BAE_2.png
HSK124BAE,1,HSK124BAE_3.png
HSK124BAE,1,HSK124BAE_4.png
HSO126ATORC,1,HSO126ATORC_0.png
HSO126ATORC,1,HSO126ATORC_1.png
HSO126ATORC,1,HSO126ATORC_2.png
HSKA0904,1,HSKA0904_0.png
HSKA0904,1,HSKA0904_1.png
HSMD814E,1,HSMD814E_0.png
HSMD814E,1,HSMD814E_1.png
HSMD814E,1,HSMD814E_2.png
HSMD814E,1,HSMD814E_3.png
HSO145ATOR,1,HSO145ATOR_0.png
HSO145ATOR,1,HSO145ATOR_1.png
HSO145ATOR,1,HSO145ATOR_2.png
HSOD410N,1,HSOD410N_0.png
HSOD410N,1,HSOD410N_1.png
HSOD410N,1,HSOD410N_2.png
HSOD410N,1,HSOD410N_3.png
HSOD410N,1,HSOD410N_4.png
HSOD410N,1,HSOD410N_5.png
HSOD410N,1,HSOD410N_6.png
HSZ03,1,HSZ03_0.png
HSZ03,1,HSZ03_1.png
HSZ03,1,HSZ03_2.png
HSMA0001,1,HSMA0001_0.png
HSMA0001,1,HSMA0001_1.png
HSK124BSB,1,HSK124BSB_0.png
HSK124BSB,1,HSK124BSB_1.png
HSK124BSB,1,HSK124BSB_2.png
HSK124BSB,1,HSK124BSB_3.png
HSK124BSB,1,HSK124BSB_4.png
HSK144BA,1,HSK144BA_0.png
HSK144BA,1,HSK144BA_1.png
HSK144BA,1,HSK144BA_2.png
HSK144BA,1,HSK144BA_3.png
HSK144BA,1,HSK144BA_4.png
HSZD014,1,HSZD014_0.png
HSZD014,1,HSZD014_1.png
HSM125B,1,HSM125B_0.png
HSM125B,1,HSM125B_1.png
HSM125B,1,HSM125B_2.png
HSOD212,1,HSOD212_0.png
HSOD212,1,HSOD212_1.png
HSOD212,1,HSOD212_2.png
HSOD212,1,HSOD212_3.png
HSOD212,1,HSOD212_4.png
HSOD212,1,HSOD212_5.png
HSOD212,1,HSOD212_6.png
HAA0601,1,HAA0601_0.png
HAA0601,1,HAA0601_1.png
HSZD010,1,HSZD010_0.png
HSZD010,1,HSZD010_1.png
HSK144BBE,1,HSK144BBE_0.png
HSK144BBE,1,HSK144BBE_1.png
HSK144BBE,1,HSK144BBE_2.png
HSK144BBE,1,HSK144BBE_3.png
HSK144BBE,1,HSK144BBE_4.png
HSK126ABE,1,HSK126ABE_0.png
HSK126ABE,1,HSK126ABE_1.png
HSK126ABE,1,HSK126ABE_2.png
HSK126ABE,1,HSK126ABE_3.png
HSK126ABE,1,HSK126ABE_4.png
HSO145ATORC,1,HSO145ATORC_0.png
HSO145ATORC,1,HSO145ATORC_1.png
HSO145ATORC,1,HSO145ATORC_2.png
HSO126ATOR,1,HSO126ATOR_0.png
HSO126ATOR,1,HSO126ATOR_1.png
HSO126ATOR,1,HSO126ATOR_2.png
HSOD114,1,HSOD114_0.png
HSOD114,1,HSOD114_1.png
HSOD114,1,HSOD114_2.png
HSOD114,1,HSOD114_3.png
HSOD114,1,HSOD114_4.png
HSK144BSA,1,HSK144BSA_0.png
HSK144BSA,1,HSK144BSA_1.png
HSK144BSA,1,HSK144BSA_2.png
HSK144BSA,1,HSK144BSA_3.png
HSK144BSA,1,HSK144BSA_4.png
HSK121B,1,HSK121B_0.png
HSK121B,1,HSK121B_1.png
HSK121B,1,HSK121B_2.png
HSK121B,1,HSK121B_3.png
HSK121B,1,HSK121B_4.png
HSOD112,1,HSOD112_0.png
HSOD112,1,HSOD112_1.png
HSOD112,1,HSOD112_2.png
HSOD112,1,HSOD112_3.png
HSOD112,1,HSOD112_4.png
HSO125ATORC,1,HSO125ATORC_0.png
HSO125ATORC,1,HSO125ATORC_1.png
HSO125ATORC,1,HSO125ATORC_2.png
HSMD812E,1,HSMD812E_0.png
HSMD812E,1,HSMD812E_1.png
HSMD812E,1,HSMD812E_2.png
HSKD014ER,1,HSKD014ER_0.png
HSKD014ER,1,HSKD014ER_1.png
HLD012,1,HLD012_0.png
HLD012,1,HLD012_1.png
HSMD814,1,HSMD814_0.png
HSMD814,1,HSMD814_1.png
HSMD814,1,HSMD814_2.png
HSMD814,1,HSMD814_3.png
HSK144BB,1,HSK144BB_0.png
HSK144BB,1,HSK144BB_1.png
HSK144BB,1,HSK144BB_2.png
HSK144BB,1,HSK144BB_3.png
HSK144BB,1,HSK144BB_4.png
HSK146AB,1,HSK146AB_0.png
HSK146AB,1,HSK146AB_1.png
HSK146AB,1,HSK146AB_2.png
HSK146AB,1,HSK146AB_3.png
HSK146AB,1,HSK146AB_4.png
HSK124BB,1,HSK124BB_0.png
HSK124BB,1,HSK124BB_1.png
HSK124BB,1,HSK124BB_2.png
HSK124BB,1,HSK124BB_3.png
HSK124BB,1,HSK124BB_4.png
HCA0918,1,HCA0918_0.png
HCA0918,1,HCA0918_1.png
HSZF014,1,HSZF014_0.png
HSZF014,1,HSZF014_1.png
HSZF014,1,HSZF014_2.png
HSK144BSB,1,HSK144BSB_0.png
HSK144BSB,1,HSK144BSB_1.png
HSK144BSB,1,HSK144BSB_2.png
HSK144BSB,1,HSK144BSB_3.png
HSK144BSB,1,HSK144BSB_4.png
HSK126ASM,1,HSK126ASM_0.png
HSK126ASM,1,HSK126ASM_1.png
HSK126ASM,1,HSK126ASM_2.png
HSK126ASM,1,HSK126ASM_3.png
HSK126ASM,1,HSK126ASM_4.png
HSK146AA,1,HSK146AA_0.png
HSK146AA,1,HSK146AA_1.png
HSK146AA,1,HSK146AA_2.png
HSK146AA,1,HSK146AA_3.png
HSK146AA,1,HSK146AA_4.png
HSK146ABE,1,HSK146ABE_0.png
HSK146ABE,1,HSK146ABE_1.png
HSK146ABE,1,HSK146ABE_2.png
HSK146ABE,1,HSK146ABE_3.png
HSK146ABE,1,HSK146ABE_4.png
HSK126AAE,1,HSK126AAE_0.png
HSK126AAE,1,HSK126AAE_1.png
HSK126AAE,1,HSK126AAE_2.png
HSK126AAE,1,HSK126AAE_3.png
HSK126AAE,1,HSK126AAE_4.png
HSK141BS,1,HSK141BS_0.png
HSK141BS,1,HSK141BS_1.png
HSK141BS,1,HSK141BS_2.png
HSK141BS,1,HSK141BS_3.png
HSK141BS,1,HSK141BS_4.png
HSKD012ER,1,HSKD012ER_0.png
HSKD012ER,1,HSKD012ER_1.png
HSMD812,1,HSMD812_0.png
HSMD812,1,HSMD812_1.png
HSMD812,1,HSMD812_2.png
HSK146AAE,1,HSK146AAE_0.png
HSK146AAE,1,HSK146AAE_1.png
HSK146AAE,1,HSK146AAE_2.png
HSK146AAE,1,HSK146AAE_3.png
HSK146AAE,1,HSK146AAE_4.png
HSZF010,1,HSZF010_0.png
HSZF010,1,HSZF010_1.png
HSZF010,1,HSZF010_2.png
HSK121BE,1,HSK121BE_0.png
HSK121BE,1,HSK121BE_1.png
HSK121BE,1,HSK121BE_2.png
HSK121BE,1,HSK121BE_3.png
HSK121BE,1,HSK121BE_4.png
HSKD012R,1,HSKD012R_0.png
HSKD012R,1,HSKD012R_1.png
HSKD512F,1,HSKD512F_0.png
HSKD512F,1,HSKD512F_1.png
HSKD014R,1,HSKD014R_0.png
HSKD014R,1,HSKD014R_1.png
HSAA3101,1,HSAA3101_0.png
HSAA3101,1,HSAA3101_1.png
HSAA3101,1,HSAA3101_2.png
HSK141B,1,HSK141B_0.png
HSK141B,1,HSK141B_1.png
HSK141B,1,HSK141B_2.png
HSK141B,1,HSK141B_3.png
HSK141B,1,HSK141B_4.png
HSK141BE,1,HSK141BE_0.png
HSK141BE,1,HSK141BE_1.png
HSK141BE,1,HSK141BE_2.png
HSK141BE,1,HSK141BE_3.png
HSK141BE,1,HSK141BE_4.png
HSKD512E,1,HSKD512E_0.png
HSKD512E,1,HSKD512E_1.png
HSKD514F,1,HSKD514F_0.png
HSKD514F,1,HSKD514F_1.png
HSAA3060,1,HSAA3060_0.png
HSAA3060,1,HSAA3060_1.png
HSAA3060,1,HSAA3060_2.png
HSKD512,1,HSKD512_0.png
HSKD512,1,HSKD512_1.png
HSKD514E,1,HSKD514E_0.png
HSKD514E,1,HSKD514E_1.png
HSKD514,1,HSKD514_0.png
HSKD514,1,HSKD514_1.png
HSKD612T,1,HSKD612T_0.png
HSKD612T,1,HSKD612T_1.png
HSKD420F,1,HSKD420F_0.png
HSKD420F,1,HSKD420F_1.png
HL10,1,HL10_0.png
HL10,1,HL10_1.png
HL10,1,HL10_2.png
HL10,1,HL10_3.png
HSKD420E,1,HSKD420E_0.png
HSKD420E,1,HSKD420E_1.png
HSKD420,1,HSKD420_0.png
HSKD420,1,HSKD420_1.png
HSAA2027,1,HSAA2027_0.png
HSAA2027,1,HSAA2027_1.png
HSOC086,1,HSOC086_0.png
HSOC086,1,HSOC086_1.png
HSOC086,1,HSOC086_2.png
HSMC067ME,1,HSMC067ME_0.png
HSMC067ME,1,HSMC067ME_1.png
HSMC067ME,1,HSMC067ME_2.png
HSMC067E,1,HSMC067E_0.png
HSMC067E,1,HSMC067E_1.png
HSMC067E,1,HSMC067E_2.png
HSMC067E,1,HSMC067E_3.png
HSMC067E,1,HSMC067E_4.png
HSOC065,1,HSOC065_0.png
HSOC065,1,HSOC065_1.png
HSOC065,1,HSOC065_2.png
HSOC125DNA,1,HSOC125DNA_0.png
HSOC125DNA,1,HSOC125DNA_1.png
HSOC125DNA,1,HSOC125DNA_2.png
HSOC125DNA,1,HSOC125DNA_3.png
HSOC125DNA,1,HSOC125DNA_4.png
HSOC125DNA,1,HSOC125DNA_5.png
HSOC125DNA,1,HSOC125DNA_6.png
HSOC085N,1,HSOC085N_0.png
HSOC085N,1,HSOC085N_1.png
HSOC085N,1,HSOC085N_2.png
HSOP03,1,HSOP03_0.png
HSOP03,1,HSOP03_1.png
HSOP03,1,HSOP03_2.png
HSOP03,1,HSOP03_3.png
HSOP03,1,HSOP03_4.png
HSOP03,1,HSOP03_5.png
HSOP03,1,HSOP03_6.png
HSOC066,1,HSOC066_0.png
HSOC066,1,HSOC066_1.png
HSOC066,1,HSOC066_2.png
HSMC047E,1,HSMC047E_0.png
HSMC047E,1,HSMC047E_1.png
HSMC047E,1,HSMC047E_2.png
HSMC047E,1,HSMC047E_3.png
HSMC047E,1,HSMC047E_4.png
HSMC065E,1,HSMC065E_0.png
HSMC065E,1,HSMC065E_1.png
HSMC065E,1,HSMC065E_2.png
HSMC065E,1,HSMC065E_3.png
HSZC143,1,HSZC143_0.png
HSZC143,1,HSZC143_1.png
HSZC143,1,HSZC143_2.png
HSMC123,1,HSMC123_0.png
HSMC123,1,HSMC123_1.png
HSOP02,1,HSOP02_0.png
HSOP02,1,HSOP02_1.png
HSOP02,1,HSOP02_2.png
HSOP02,1,HSOP02_3.png
HSOP02,1,HSOP02_4.png
HSOP02,1,HSOP02_5.png
HSOP02,1,HSOP02_6.png
HSMC045E,1,HSMC045E_0.png
HSMC045E,1,HSMC045E_1.png
HSMC045E,1,HSMC045E_2.png
HSMC045E,1,HSMC045E_3.png
HSOC145DN,1,HSOC145DN_0.png
HSOC145DN,1,HSOC145DN_1.png
HSOC145DN,1,HSOC145DN_2.png
HSOC145DN,1,HSOC145DN_3.png
HSOC145DN,1,HSOC145DN_4.png
HSOC145DN,1,HSOC145DN_5.png
HSOC145DN,1,HSOC145DN_6.png
HSMC127D,1,HSMC127D_0.png
HSMC127D,1,HSMC127D_1.png
HSMC127D,1,HSMC127D_2.png
HSZC203,1,HSZC203_0.png
HSZC203,1,HSZC203_1.png
HSZC203,1,HSZC203_2.png
HSYC084,1,HSYC084_0.png
HSYC084,1,HSYC084_1.png
HSYC084,1,HSYC084_2.png
HSYC084,1,HSYC084_3.png
HSYC084,1,HSYC084_4.png
HSKC086FR,1,HSKC086FR_0.png
HSKC086FR,1,HSKC086FR_1.png
HSKC086FR,1,HSKC086FR_2.png
HSKC086FR,1,HSKC086FR_3.png
HSKC086FR,1,HSKC086FR_4.png
HSOC085O,1,HSOC085O_0.png
HSOC085O,1,HSOC085O_1.png
HSOC085O,1,HSOC085O_2.png
HSYC124,1,HSYC124_0.png
HSYC124,1,HSYC124_1.png
HSYC124,1,HSYC124_2.png
HSYC124,1,HSYC124_3.png
HSOC146DN,1,HSOC146DN_0.png
HSOC146DN,1,HSOC146DN_1.png
HSOC146DN,1,HSOC146DN_2.png
HSOC146DN,1,HSOC146DN_3.png
HSOC146DN,1,HSOC146DN_4.png
HSOC146DN,1,HSOC146DN_5.png
HSOC146DN,1,HSOC146DN_6.png
HLC066,1,HLC066_0.png
HLC066,1,HLC066_1.png
HLC066,1,HLC066_2.png
HLC066,1,HLC066_3.png
HSMC125D,1,HSMC125D_0.png
HSMC125D,1,HSMC125D_1.png
HSMC125D,1,HSMC125D_2.png
HSOC126DNA,1,HSOC126DNA_0.png
HSOC126DNA,1,HSOC126DNA_1.png
HSOC126DNA,1,HSOC126DNA_2.png
HSOC126DNA,1,HSOC126DNA_3.png
HSOC126DNA,1,HSOC126DNA_4.png
HSOC126DNA,1,HSOC126DNA_5.png
HSOC126DNA,1,HSOC126DNA_6.png
HSMC145D,1,HSMC145D_0.png
HSMC145D,1,HSMC145D_1.png
HSMC145D,1,HSMC145D_2.png
HSYC126,1,HSYC126_0.png
HSYC126,1,HSYC126_1.png
HSYC126,1,HSYC126_2.png
HSYC126,1,HSYC126_3.png
HSOC086O,1,HSOC086O_0.png
HSOC086O,1,HSOC086O_1.png
HSOC086O,1,HSOC086O_2.png
HSMC147D,1,HSMC147D_0.png
HSMC147D,1,HSMC147D_1.png
HSMC147D,1,HSMC147D_2.png
HSOC146DOR,1,HSOC146DOR_0.png
HSOC146DOR,1,HSOC146DOR_1.png
HSOC146DOR,1,HSOC146DOR_2.png
HSAA0204R,1,HSAA0204R_0.png
HSAA0204R,1,HSAA0204R_1.png
HSAA0204R,1,HSAA0204R_2.png
HSAA0204R,1,HSAA0204R_3.png
HSAA0204R,1,HSAA0204R_4.png
HSAA0204R,1,HSAA0204R_5.png
HSAA0204R,1,HSAA0204R_6.png
HSYC086,1,HSYC086_0.png
HSYC086,1,HSYC086_1.png
HSYC086,1,HSYC086_2.png
HSYC086,1,HSYC086_3.png
HSYC086,1,HSYC086_4.png
HSZC142,1,HSZC142_0.png
HSZC142,1,HSZC142_1.png
HSOC145DOR,1,HSOC145DOR_0.png
HSOC145DOR,1,HSOC145DOR_1.png
HSOC145DOR,1,HSOC145DOR_2.png
HSOC125DOR,1,HSOC125DOR_0.png
HSOC125DOR,1,HSOC125DOR_1.png
HSOC125DOR,1,HSOC125DOR_2.png
HSAA0202R,1,HSAA0202R_0.png
HSAA0202R,1,HSAA0202R_1.png
HSAA0202R,1,HSAA0202R_2.png
HSAA0202R,1,HSAA0202R_3.png
HSAA0202R,1,HSAA0202R_4.png
HSAA0202R,1,HSAA0202R_5.png
HSAA0202R,1,HSAA0202R_6.png
HSOC126DOR,1,HSOC126DOR_0.png
HSOC126DOR,1,HSOC126DOR_1.png
HSOC126DOR,1,HSOC126DOR_2.png
HSZC202,1,HSZC202_0.png
HSZC202,1,HSZC202_1.png
HSAA0000,1,HSAA0000_0.png
HSAA0000,1,HSAA0000_1.png
HSAA0000,1,HSAA0000_2.png
HSKC066FR,1,HSKC066FR_0.png
HSKC066FR,1,HSKC066FR_1.png
HSKC066FR,1,HSKC066FR_2.png
HSKC066FR,1,HSKC066FR_3.png
HSKC066FR,1,HSKC066FR_4.png
HSCC713M,1,HSCC713M_0.png
HSCC713M,1,HSCC713M_1.png
HSCC713M,1,HSCC713M_2.png
HSCC713M,1,HSCC713M_3.png
HSCC713M,1,HSCC713M_4.png
HSCC713M,1,HSCC713M_5.png
HSOP313RA,1,HSOP313RA_0.png
HSOP313RA,1,HSOP313RA_1.png
HSOP313RA,1,HSOP313RA_2.png
HSOP313RA,1,HSOP313RA_3.png
HSOP313RA,1,HSOP313RA_4.png
HSOP313RA,1,HSOP313RA_5.png
HSOP313RA,1,HSOP313RA_6.png
HSKA041,1,HSKA041_0.png
HSKA041,1,HSKA041_1.png
HSMP0303,1,HSMP0303_0.png
HSMP0303,1,HSMP0303_1.png
HSMP0303,1,HSMP0303_2.png
HSMP0303,1,HSMP0303_3.png
HSMC02,1,HSMC02_0.png
HSMC02,1,HSMC02_1.png
HSMC02,1,HSMC02_2.png
HSOA040,1,HSOA040_0.png
HSOA040,1,HSOA040_1.png
HSOA040,1,HSOA040_2.png
HSOA040,1,HSOA040_3.png
HSCC713,1,HSCC713_0.png
HSCC713,1,HSCC713_1.png
HSCC713,1,HSCC713_2.png
HSCC713,1,HSCC713_3.png
HSCC713,1,HSCC713_4.png
HSCC713,1,HSCC713_5.png
HSMC01,1,HSMC01_0.png
HSMC01,1,HSMC01_1.png
HSMC01,1,HSMC01_2.png
HSCC712M,1,HSCC712M_0.png
HSCC712M,1,HSCC712M_1.png
HSCC712M,1,HSCC712M_2.png
HSLC7083NA,1,HSLC7083NA_0.png
HSLC7083NA,1,HSLC7083NA_1.png
HSLC7083NA,1,HSLC7083NA_2.png
HSKA040,1,HSKA040_0.png
HSKA040,1,HSKA040_1.png
HSOC066M,1,HSOC066M_0.png
HSOC066M,1,HSOC066M_1.png
HSOC066M,1,HSOC066M_2.png
HSOC066M,1,HSOC066M_3.png
HSOC066M,1,HSOC066M_4.png
HSOC066M,1,HSOC066M_5.png
HSOC066M,1,HSOC066M_6.png
HSMC7063,1,HSMC7063_0.png
HSMC7063,1,HSMC7063_1.png
HSMC7063,1,HSMC7063_2.png
HSOC065M,1,HSOC065M_0.png
HSOC065M,1,HSOC065M_1.png
HSOC065M,1,HSOC065M_2.png
HSOC065M,1,HSOC065M_3.png
HSOC065M,1,HSOC065M_4.png
HSOC065M,1,HSOC065M_5.png
HSOC065M,1,HSOC065M_6.png
HSOP063,1,HSOP063_0.png
HSOP063,1,HSOP063_1.png
HSOP063,1,HSOP063_2.png
HSOP063,1,HSOP063_3.png
HSOP063,1,HSOP063_4.png
HSOP063,1,HSOP063_5.png
HSOP063,1,HSOP063_6.png
HSYP0303,1,HSYP0303_0.png
HSYP0303,1,HSYP0303_1.png
HSOP084,1,HSOP084_0.png
HSOP084,1,HSOP084_1.png
HSOP084,1,HSOP084_2.png
HSOP084,1,HSOP084_3.png
HSOP084,1,HSOP084_4.png
HSOP084,1,HSOP084_5.png
HSOP084,1,HSOP084_6.png
HSCC712,1,HSCC712_0.png
HSCC712,1,HSCC712_1.png
HSCC712,1,HSCC712_2.png
HSOP313O,1,HSOP313O_0.png
HSOP313O,1,HSOP313O_1.png
HSOP313O,1,HSOP313O_2.png
HL09,1,HL09_0.png
HL09,1,HL09_1.png
HSKC02R,1,HSKC02R_0.png
HSKC02R,1,HSKC02R_1.png
HSKC02R,1,HSKC02R_2.png
HSKC02R,1,HSKC02R_3.png
HSKC02R,1,HSKC02R_4.png
IFM0001A,1,IFM0001A_0.png
IFM0001A,1,IFM0001A_1.png
IFM0001A,1,IFM0001A_2.png
IFM0001A,1,IFM0001A_3.png
IFM0001A,1,IFM0001A_4.png
IFM0001A,1,IFM0001A_5.png
HLP0243RN,1,HLP0243RN_0.png
HLP0243RN,1,HLP0243RN_1.png
IFM0000A,1,IFM0000A_0.png
IFM0000A,1,IFM0000A_1.png
IFM0000A,1,IFM0000A_2.png
IFM0000A,1,IFM0000A_3.png
IFM0000A,1,IFM0000A_4.png
IFM0000A,1,IFM0000A_5.png
IFI0008A,1,IFI0008A_0.png
IFI0008A,1,IFI0008A_1.png
IFI0008A,1,IFI0008A_2.png
IFI0008A,1,IFI0008A_3.png
IFI0008A,1,IFI0008A_4.png
IFI0008A,1,IFI0008A_5.png
IFL0000A,1,IFL0000A_0.png
IFL0000A,1,IFL0000A_1.png
IFL0000A,1,IFL0000A_2.png
IFL0000A,1,IFL0000A_3.png
IFL0000A,1,IFL0000A_4.png
IFL0000A,1,IFL0000A_5.png
HXZW0001,1,HXZW0001_0.png
HXZW0001,1,HXZW0001_1.png
HAP030E,1,HAP030E_0.png
HAP030E,1,HAP030E_1.png
IFW0013A,1,IFW0013A_0.png
IFW0013A,1,IFW0013A_1.png
IFW0013A,1,IFW0013A_2.png
IFW0013A,1,IFW0013A_3.png
IFW0013A,1,IFW0013A_4.png
IFW0013A,1,IFW0013A_5.png
IFW0013A,1,IFW0013A_6.png
IFW0016A,1,IFW0016A_0.png
IFW0016A,1,IFW0016A_1.png
IFW0016A,1,IFW0016A_2.png
IFW0016A,1,IFW0016A_3.png
IFW0016A,1,IFW0016A_4.png
IFW0016A,1,IFW0016A_5.png
IFW0016A,1,IFW0016A_6.png
IFW0019A,1,IFW0019A_0.png
IFW0019A,1,IFW0019A_1.png
IFW0019A,1,IFW0019A_2.png
IFW0019A,1,IFW0019A_3.png
IFW0019A,1,IFW0019A_4.png
IFW0019A,1,IFW0019A_5.png
IFW0019A,1,IFW0019A_6.png
IFW0018A,1,IFW0018A_0.png
IFW0018A,1,IFW0018A_1.png
IFW0018A,1,IFW0018A_2.png
IFW0018A,1,IFW0018A_3.png
IFW0018A,1,IFW0018A_4.png
IFW0015A,1,IFW0015A_0.png
IFW0015A,1,IFW0015A_1.png
IFW0015A,1,IFW0015A_2.png
IFW0015A,1,IFW0015A_3.png
IFW0015A,1,IFW0015A_4.png
IFW0012A,1,IFW0012A_0.png
IFW0012A,1,IFW0012A_1.png
IFW0012A,1,IFW0012A_2.png
IFW0012A,1,IFW0012A_3.png
IFW0012A,1,IFW0012A_4.png
IFW0001A,1,IFW0001A_0.png
IFW0001A,1,IFW0001A_1.png
IFW0001A,1,IFW0001A_2.png
IFW0001A,1,IFW0001A_3.png
IFW0001A,1,IFW0001A_4.png
IFW0001A,1,IFW0001A_5.png
IFW0001A,1,IFW0001A_6.png
IFW0000A,1,IFW0000A_0.png
IFW0000A,1,IFW0000A_1.png
IFW0000A,1,IFW0000A_2.png
IFW0000A,1,IFW0000A_3.png
IFW0000A,1,IFW0000A_4.png
IFW0007A,1,IFW0007A_0.png
IFW0007A,1,IFW0007A_1.png
IFW0007A,1,IFW0007A_2.png
IFW0007A,1,IFW0007A_3.png
IFW0007A,1,IFW0007A_4.png
IFW0007A,1,IFW0007A_5.png
IFW0007A,1,IFW0007A_6.png
IFW0010A,1,IFW0010A_0.png
IFW0010A,1,IFW0010A_1.png
IFW0010A,1,IFW0010A_2.png
IFW0010A,1,IFW0010A_3.png
IFW0010A,1,IFW0010A_4.png
IFW0010A,1,IFW0010A_5.png
IFW0010A,1,IFW0010A_6.png
IFW0006A,1,IFW0006A_0.png
IFW0006A,1,IFW0006A_1.png
IFW0006A,1,IFW0006A_2.png
IFW0006A,1,IFW0006A_3.png
IFW0006A,1,IFW0006A_4.png
IFW0014A,1,IFW0014A_0.png
IFW0014A,1,IFW0014A_1.png
IFW0014A,1,IFW0014A_2.png
IFI0003A,1,IFI0003A_0.png
IFI0003A,1,IFI0003A_1.png
IFI0003A,1,IFI0003A_2.png
IFW0020A,1,IFW0020A_0.png
IFW0020A,1,IFW0020A_1.png
IFW0020A,1,IFW0020A_2.png
IFI0000A,1,IFI0000A_0.png
IFI0000A,1,IFI0000A_1.png
IFI0000A,1,IFI0000A_2.png
IFI0000A,1,IFI0000A_3.png
IFI0000A,1,IFI0000A_4.png
IFW0009A,1,IFW0009A_0.png
IFW0009A,1,IFW0009A_1.png
IFW0009A,1,IFW0009A_2.png
IFW0009A,1,IFW0009A_3.png
IFW0009A,1,IFW0009A_4.png
IFI0002A,1,IFI0002A_0.png
IFI0002A,1,IFI0002A_1.png
IFI0002A,1,IFI0002A_2.png
IFI0002A,1,IFI0002A_3.png
IFI0002A,1,IFI0002A_4.png
IFI0002A,1,IFI0002A_5.png
IFI0002A,1,IFI0002A_6.png
IFW0017A,1,IFW0017A_0.png
IFW0017A,1,IFW0017A_1.png
IFW0017A,1,IFW0017A_2.png
IFW0002A,1,IFW0002A_0.png
IFW0002A,1,IFW0002A_1.png
IFW0002A,1,IFW0002A_2.png
HSKP0313,1,HSKP0313_0.png
HSKP0313,1,HSKP0313_1.png
HSKP0313,1,HSKP0313_2.png
HSKP0313,1,HSKP0313_3.png
HSKP0313,1,HSKP0313_4.png
IFW0004A,1,IFW0004A_0.png
IFW0004A,1,IFW0004A_1.png
IFW0004A,1,IFW0004A_2.png
IFW0004A,1,IFW0004A_3.png
IFW0004A,1,IFW0004A_4.png
IFW0004A,1,IFW0004A_5.png
IFW0004A,1,IFW0004A_6.png
IFW0003A,1,IFW0003A_0.png
IFW0003A,1,IFW0003A_1.png
IFW0003A,1,IFW0003A_2.png
IFW0003A,1,IFW0003A_3.png
IFW0003A,1,IFW0003A_4.png
IFI0004A,1,IFI0004A_0.png
IFI0004A,1,IFI0004A_1.png
IFI0004A,1,IFI0004A_2.png
IFI0004A,1,IFI0004A_3.png
IFI0004A,1,IFI0004A_4.png
IFI0005A,1,IFI0005A_0.png
IFI0005A,1,IFI0005A_1.png
IFI0005A,1,IFI0005A_2.png
IFI0005A,1,IFI0005A_3.png
IFI0005A,1,IFI0005A_4.png
IFI0005A,1,IFI0005A_5.png
IFI0005A,1,IFI0005A_6.png
IFW0008A,1,IFW0008A_0.png
IFW0008A,1,IFW0008A_1.png
IFW0008A,1,IFW0008A_2.png
IFI0001A,1,IFI0001A_0.png
IFI0001A,1,IFI0001A_1.png
IFI0001A,1,IFI0001A_2.png
IFI0001A,1,IFI0001A_3.png
IFI0001A,1,IFI0001A_4.png
IFI0001A,1,IFI0001A_5.png
IFI0001A,1,IFI0001A_6.png
IFW0011A,1,IFW0011A_0.png
IFW0011A,1,IFW0011A_1.png
IFW0011A,1,IFW0011A_2.png
IFI0006A,1,IFI0006A_0.png
IFI0006A,1,IFI0006A_1.png
IFI0006A,1,IFI0006A_2.png
IFI0006A,1,IFI0006A_3.png
IFI0006A,1,IFI0006A_4.png
IFI0006A,1,IFI0006A_5.png
IFI0006A,1,IFI0006A_6.png
IFW0005A,1,IFW0005A_0.png
IFW0005A,1,IFW0005A_1.png
IFW0005A,1,IFW0005A_2.png
IFI0007A,1,IFI0007A_0.png
IFI0007A,1,IFI0007A_1.png
IFI0007A,1,IFI0007A_2.png
HSKC7185,1,HSKC7185_0.png
HSKC7185,1,HSKC7185_1.png
HSKC7185,1,HSKC7185_2.png
HSKC7185,1,HSKC7185_3.png
HSKC7185,1,HSKC7185_4.png
HSKC7163,1,HSKC7163_0.png
HSKC7163,1,HSKC7163_1.png
HSKC7163,1,HSKC7163_2.png
HSKC7163,1,HSKC7163_3.png
HSKC7163,1,HSKC7163_4.png
HSKC7063N,1,HSKC7063N_0.png
HSKC7063N,1,HSKC7063N_1.png
HSKC7063N,1,HSKC7063N_2.png
HSKC7063N,1,HSKC7063N_3.png
HSKC7063N,1,HSKC7063N_4.png
HDA510811,1,HDA510811_0.png
HDA510811,1,HDA510811_1.png
HPEC126F,1,HPEC126F_0.png
HPEC126F,1,HPEC126F_1.png
HPEC126F,1,HPEC126F_2.png
HPEC126,1,HPEC126_0.png
HPEC126,1,HPEC126_1.png
HPEC126,1,HPEC126_2.png
HSFC086NA,1,HSFC086NA_0.png
HSFC086NA,1,HSFC086NA_1.png
HSFC086NA,1,HSFC086NA_2.png
HC60Y161,1,HC60Y161_0.png
HC60Y161,1,HC60Y161_1.png
HC60Y161,1,HC60Y161_2.png
HC50Y18EL,1,HC50Y18EL_0.png
HC50Y18EL,1,HC50Y18EL_1.png
HC50Y12M,1,HC50Y12M_0.png
HC50Y12M,1,HC50Y12M_1.png
HSFC066NA,1,HSFC066NA_0.png
HSFC066NA,1,HSFC066NA_1.png
HSFC066NA,1,HSFC066NA_2.png
HSPC084,1,HSPC084_0.png
HSPC084,1,HSPC084_1.png
HSPC084,1,HSPC084_2.png
HSPC084,1,HSPC084_3.png
HSVA0001,1,HSVA0001_0.png
HSVA0001,1,HSVA0001_1.png
HSVA0001,1,HSVA0001_2.png
HC50Y12EL,1,HC50Y12EL_0.png
HC50Y12EL,1,HC50Y12EL_1.png
HSFC084N,1,HSFC084N_0.png
HSFC084N,1,HSFC084N_1.png
HSFC084N,1,HSFC084N_2.png
HSFC083N,1,HSFC083N_0.png
HSFC083N,1,HSFC083N_1.png
HSFC083N,1,HSFC083N_2.png
HSFC063N,1,HSFC063N_0.png
HSFC063N,1,HSFC063N_1.png
HSFC063N,1,HSFC063N_2.png
HSFC064N,1,HSFC064N_0.png
HSFC064N,1,HSFC064N_1.png
HSFC064N,1,HSFC064N_2.png
HSPC184,1,HSPC184_0.png
HSPC184,1,HSPC184_1.png
HSPC184,1,HSPC184_2.png
HSPC184,1,HSPC184_3.png
HC60Y101HG,1,HC60Y101HG_0.png
HC60Y101HG,1,HC60Y101HG_1.png
HC60Y101HG,1,HC60Y101HG_2.png
HSPC286,1,HSPC286_0.png
HSPC286,1,HSPC286_1.png
HSPC286,1,HSPC286_2.png
HSFC082N,1,HSFC082N_0.png
HSFC082N,1,HSFC082N_1.png
HSFC082N,1,HSFC082N_2.png
HSFC182N,1,HSFC182N_0.png
HSFC182N,1,HSFC182N_1.png
HSFC182N,1,HSFC182N_2.png
HSPC1000P,1,HSPC1000P_0.png
HSPC1000P,1,HSPC1000P_1.png
HSPC1000P,1,HSPC1000P_2.png
HC50Y06ML,1,HC50Y06ML_0.png
HC50Y06ML,1,HC50Y06ML_1.png
HSPA0001,1,HSPA0001_0.png
HSPA0001,1,HSPA0001_1.png
HSPA0001,1,HSPA0001_2.png
HSFC162N,1,HSFC162N_0.png
HSFC162N,1,HSFC162N_1.png
HSFC162N,1,HSFC162N_2.png
HSPC164,1,HSPC164_0.png
HSPC164,1,HSPC164_1.png
HSPC164,1,HSPC164_2.png
HSPC164,1,HSPC164_3.png
HSFC062N,1,HSFC062N_0.png
HSFC062N,1,HSFC062N_1.png
HSFC062N,1,HSFC062N_2.png
HSPC086,1,HSPC086_0.png
HSPC086,1,HSPC086_1.png
HSPC086,1,HSPC086_2.png
HSPC086,1,HSPC086_3.png
HSPC486,1,HSPC486_0.png
HSPC486,1,HSPC486_1.png
HSFA0061N,1,HSFA0061N_0.png
HSFA0061N,1,HSFA0061N_1.png
HSFA0061N,1,HSFA0061N_2.png
HSFC046N,1,HSFC046N_0.png
HSFC046N,1,HSFC046N_1.png
HSFC046N,1,HSFC046N_2.png
HSPC124,1,HSPC124_0.png
HSPC124,1,HSPC124_1.png
HSPC124,1,HSPC124_2.png
HSPC064,1,HSPC064_0.png
HSPC064,1,HSPC064_1.png
HSPC064,1,HSPC064_2.png
HSPC064,1,HSPC064_3.png
HSPC186,1,HSPC186_0.png
HSPC186,1,HSPC186_1.png
HSPC186,1,HSPC186_2.png
HSPC266,1,HSPC266_0.png
HSPC266,1,HSPC266_1.png
HSPC266,1,HSPC266_2.png
HC400611,1,HC400611_0.png
HC400611,1,HC400611_1.png
HC400611,1,HC400611_2.png
HSPC284,1,HSPC284_0.png
HSPC284,1,HSPC284_1.png
HSPC284,1,HSPC284_2.png
HSFA1061N,1,HSFA1061N_0.png
HSFA1061N,1,HSFA1061N_1.png
HSFA1061N,1,HSFA1061N_2.png
HSFC044N,1,HSFC044N_0.png
HSFC044N,1,HSFC044N_1.png
HSFC044N,1,HSFC044N_2.png
HSPC066,1,HSPC066_0.png
HSPC066,1,HSPC066_1.png
HSPC066,1,HSPC066_2.png
HSPC066,1,HSPC066_3.png
HSPC264,1,HSPC264_0.png
HSPC264,1,HSPC264_1.png
HSPC264,1,HSPC264_2.png
HC400612,1,HC400612_0.png
HC400612,1,HC400612_1.png
HC400612,1,HC400612_2.png
HSPC166,1,HSPC166_0.png
HSPC166,1,HSPC166_1.png
HSPC166,1,HSPC166_2.png
HSPC586,1,HSPC586_0.png
HSPC586,1,HSPC586_1.png
HC80Y12EEL,1,HC80Y12EEL_0.png
HC80Y12EEL,1,HC80Y12EEL_1.png
HC403001,1,HC403001_0.png
HC403001,1,HC403001_1.png
HC403001,1,HC403001_2.png
HSPC566,1,HSPC566_0.png
HSPC566,1,HSPC566_1.png
HC70Y09EL,1,HC70Y09EL_0.png
HC70Y09EL,1,HC70Y09EL_1.png
HC70Y09EL,1,HC70Y09EL_2.png
HC70Y09EL,1,HC70Y09EL_3.png
HC80Y04EEW,1,HC80Y04EEW_0.png
HC80Y04EEW,1,HC80Y04EEW_1.png
HC401801,1,HC401801_0.png
HC401801,1,HC401801_1.png
HC401801,1,HC401801_2.png
HSFC124,1,HSFC124_0.png
HSFC124,1,HSFC124_1.png
HSFC124,1,HSFC124_2.png
HC400623,1,HC400623_0.png
HC400623,1,HC400623_1.png
HC400623,1,HC400623_2.png
HC402411,1,HC402411_0.png
HC402411,1,HC402411_1.png
HC402411,1,HC402411_2.png
HC402412,1,HC402412_0.png
HC402412,1,HC402412_1.png
HC402412,1,HC402412_2.png
HSFC122,1,HSFC122_0.png
HSFC122,1,HSFC122_1.png
HSFC122,1,HSFC122_2.png
HC400613,1,HC400613_0.png
HC400613,1,HC400613_1.png
HC400613,1,HC400613_2.png
HC70H04EEF,1,HC70H04EEF_0.png
HC70H04EEF,1,HC70H04EEF_1.png
HC400602,1,HC400602_0.png
HC400602,1,HC400602_1.png
HC400602,1,HC400602_2.png
HC400603,1,HC400603_0.png
HC400603,1,HC400603_1.png
HC400603,1,HC400603_2.png
HC400601,1,HC400601_0.png
HC400601,1,HC400601_1.png
HC400601,1,HC400601_2.png
HSFA161,1,HSFA161_0.png
HSFA161,1,HSFA161_1.png
HSFA161,1,HSFA161_2.png
HSVA004,1,HSVA004_0.png
HSVA004,1,HSVA004_1.png
HSVA004,1,HSVA004_2.png
HSVA004,1,HSVA004_3.png
HSVA004,1,HSVA004_4.png
HSQE03,1,HSQE03_0.png
HSQE03,1,HSQE03_1.png
HSQE03,1,HSQE03_2.png
HSQE02,1,HSQE02_0.png
HSQE02,1,HSQE02_1.png
HSQE02,1,HSQE02_2.png
HSLE01N,1,HSLE01N_0.png
HSLE01N,1,HSLE01N_1.png
HSLE01N,1,HSLE01N_2.png
HSLE01N,1,HSLE01N_3.png
HSLE01N,1,HSLE01N_4.png
HSLE01N,1,HSLE01N_5.png
HSLE110N,1,HSLE110N_0.png
HSLE110N,1,HSLE110N_1.png
HSLE110N,1,HSLE110N_2.png
HSLE110N,1,HSLE110N_3.png
HSLE110N,1,HSLE110N_4.png
HSLE110N,1,HSLE110N_5.png
HSLE110N,1,HSLE110N_6.png
HSTE011,1,HSTE011_0.png
HSTE011,1,HSTE011_1.png
HSTE011,1,HSTE011_2.png
HSTE011,1,HSTE011_3.png
HSLE02N,1,HSLE02N_0.png
HSLE02N,1,HSLE02N_1.png
HSLE02N,1,HSLE02N_2.png
HSLE02N,1,HSLE02N_3.png
HSLE02N,1,HSLE02N_4.png
HSLE02N,1,HSLE02N_5.png
HSQE01,1,HSQE01_0.png
HSQE01,1,HSQE01_1.png
HSQE01,1,HSQE01_2.png
HSQE010,1,HSQE010_0.png
HSQE010,1,HSQE010_1.png
HSQE010,1,HSQE010_2.png
HSTE111,1,HSTE111_0.png
HSTE111,1,HSTE111_1.png
HSQE05,1,HSQE05_0.png
HSQE05,1,HSQE05_1.png
HSQE05,1,HSQE05_2.png
HSQA0004,1,HSQA0004_0.png
HSAE02RA,1,HSAE02RA_0.png
HSAE02RA,1,HSAE02RA_1.png
HSAE02RA,1,HSAE02RA_2.png
HSQE110,1,HSQE110_0.png
HSQE110,1,HSQE110_1.png
HSQA450,1,HSQA450_0.png
HSQA450,1,HSQA450_1.png
HSQA450,1,HSQA450_2.png
HSQA450,1,HSQA450_3.png
HSQA450,1,HSQA450_4.png
HSQA0005,1,HSQA0005_0.png
HSQE017GL,1,HSQE017GL_0.png
HSQE017GL,1,HSQE017GL_1.png
HSQE017GL,1,HSQE017GL_2.png
HSLE001PN,1,HSLE001PN_0.png
HSLE001PN,1,HSLE001PN_1.png
HSLE001PN,1,HSLE001PN_2.png
HSLE001PN,1,HSLE001PN_3.png
HSLE001PN,1,HSLE001PN_4.png
HSLE001PN,1,HSLE001PN_5.png
HSLE001PN,1,HSLE001PN_6.png
HSRE08SS,1,HSRE08SS_0.png
HSRE08SS,1,HSRE08SS_1.png
HSRE08SS,1,HSRE08SS_2.png
HSRE08SS,1,HSRE08SS_3.png
HSTE0011C,1,HSTE0011C_0.png
HSTE0011C,1,HSTE0011C_1.png
HSTE0011C,1,HSTE0011C_2.png
HSTE0011C,1,HSTE0011C_3.png
HSQA0002,1,HSQA0002_0.png
HSQA0002,1,HSQA0002_1.png
HSQA0002,1,HSQA0002_2.png
HSQE013GL,1,HSQE013GL_0.png
HSQE013GL,1,HSQE013GL_1.png
HSQE013GL,1,HSQE013GL_2.png
HSQE02P,1,HSQE02P_0.png
HSQE02P,1,HSQE02P_1.png
HSQE02P,1,HSQE02P_2.png
HSRE110G,1,HSRE110G_0.png
HSRE110G,1,HSRE110G_1.png
HSRE110G,1,HSRE110G_2.png
HSRE110G,1,HSRE110G_3.png
HSAE02LA,1,HSAE02LA_0.png
HSAE02LA,1,HSAE02LA_1.png
HSAE02LA,1,HSAE02LA_2.png
HSAE03,1,HSAE03_0.png
HSAE03,1,HSAE03_1.png
HSRE04SS,1,HSRE04SS_0.png
HSRE04SS,1,HSRE04SS_1.png
HSRE04SS,1,HSRE04SS_2.png
HSRE04SS,1,HSRE04SS_3.png
HSAE01LA,1,HSAE01LA_0.png
HSAE01LA,1,HSAE01LA_1.png
HSAE01LA,1,HSAE01LA_2.png
HSRE01SS,1,HSRE01SS_0.png
HSRE01SS,1,HSRE01SS_1.png
HSRE01SS,1,HSRE01SS_2.png
HSRE01SS,1,HSRE01SS_3.png
HSQE01P,1,HSQE01P_0.png
HSQE01P,1,HSQE01P_1.png
HSQE01P,1,HSQE01P_2.png
HSAE01RA,1,HSAE01RA_0.png
HSAE01RA,1,HSAE01RA_1.png
HSAE01RA,1,HSAE01RA_2.png
HSAE02R,1,HSAE02R_0.png
HSAE02R,1,HSAE02R_1.png
HSAE02R,1,HSAE02R_2.png
IBF0001A,1,IBF0001A_0.png
IBF0001A,1,IBF0001A_1.png
IBF0001A,1,IBF0001A_2.png
IBF0001A,1,IBF0001A_3.png
HSAE001P,1,HSAE001P_0.png
HSAE001P,1,HSAE001P_1.png
HSRE06SS,1,HSRE06SS_0.png
HSRE06SS,1,HSRE06SS_1.png
HSRE06SS,1,HSRE06SS_2.png
HSRE06SS,1,HSRE06SS_3.png
HSAE02L,1,HSAE02L_0.png
HSAE02L,1,HSAE02L_1.png
HSAE02L,1,HSAE02L_2.png
HSRE03SS,1,HSRE03SS_0.png
HSRE03SS,1,HSRE03SS_1.png
HSRE03SS,1,HSRE03SS_2.png
HSRE03SS,1,HSRE03SS_3.png
HSAE01R,1,HSAE01R_0.png
HSAE01R,1,HSAE01R_1.png
HSAE01R,1,HSAE01R_2.png
HSRE02SS,1,HSRE02SS_0.png
HSRE02SS,1,HSRE02SS_1.png
HSRE02SS,1,HSRE02SS_2.png
HSRE02SS,1,HSRE02SS_3.png
HSRE05SS,1,HSRE05SS_0.png
HSRE05SS,1,HSRE05SS_1.png
HSRE05SS,1,HSRE05SS_2.png
HSRE05SS,1,HSRE05SS_3.png
HSAE01L,1,HSAE01L_0.png
HSAE01L,1,HSAE01L_1.png
HSAE01L,1,HSAE01L_2.png
HSRE07SS,1,HSRE07SS_0.png
HSRE07SS,1,HSRE07SS_1.png
HSRE07SS,1,HSRE07SS_2.png
HSRE07SS,1,HSRE07SS_3.png
IBF0002A,1,IBF0002A_0.png
IBF0002A,1,IBF0002A_1.png
IBF0002A,1,IBF0002A_2.png
IBF0002A,1,IBF0002A_3.png
HSRE111G,1,HSRE111G_0.png
HSRE111G,1,HSRE111G_1.png
HSRE111G,1,HSRE111G_2.png
HSRE111G,1,HSRE111G_3.png
IBF0000A,1,IBF0000A_0.png
IBF0000A,1,IBF0000A_1.png
IBF0000A,1,IBF0000A_2.png
IBF0000A,1,IBF0000A_3.png
HSRE011G,1,HSRE011G_0.png
HSRE011G,1,HSRE011G_1.png
HSRE011G,1,HSRE011G_2.png
HSRE011G,1,HSRE011G_3.png
HSLD112H,1,HSLD112H_0.png
HSLD112H,1,HSLD112H_1.png
HSLD112H,1,HSLD112H_2.png
HSLD112H,1,HSLD112H_3.png
HSLD112H,1,HSLD112H_4.png
HSLD112H,1,HSLD112H_5.png
HSLD112H,1,HSLD112H_6.png
HSLD108,1,HSLD108_0.png
HSLD108,1,HSLD108_1.png
HSLD108,1,HSLD108_2.png
HSLD108,1,HSLD108_3.png
HSLD108,1,HSLD108_4.png
HSLD108,1,HSLD108_5.png
HSLD108,1,HSLD108_6.png
HSLD108,1,HSLD108_7.png
HSLD112AH,1,HSLD112AH_0.png
HSLD112AH,1,HSLD112AH_1.png
HSLD112AH,1,HSLD112AH_2.png
HSLD112AH,1,HSLD112AH_3.png
HSWD2007,1,HSWD2007_0.png
HSWD2007,1,HSWD2007_1.png
HSWD0007,1,HSWD0007_0.png
HSWD0007,1,HSWD0007_1.png
HSLD108BH,1,HSLD108BH_0.png
HSLD108BH,1,HSLD108BH_1.png
HSLD108BH,1,HSLD108BH_2.png
HSLD108BH,1,HSLD108BH_3.png
HSWD1007,1,HSWD1007_0.png
HSWD1007,1,HSWD1007_1.png
HSFS123,1,HSFS123_0.png
HSFS123,1,HSFS123_1.png
HSFS080,1,HSFS080_0.png
HSFS080,1,HSFS080_1.png
HSFS080,1,HSFS080_2.png
HSFS080,1,HSFS080_3.png
HSFS090,1,HSFS090_0.png
HSFS090,1,HSFS090_1.png
HSFC123,1,HSFC123_0.png
HSFC123,1,HSFC123_1.png
HSFP143,1,HSFP143_0.png
HSFP143,1,HSFP143_1.png
HSFP143,1,HSFP143_2.png
HSFP143,1,HSFP143_3.png
HSFP143,1,HSFP143_4.png
HSFP143,1,HSFP143_5.png
HSFP143,1,HSFP143_6.png
HSLC580N,1,HSLC580N_0.png
HSLC580N,1,HSLC580N_1.png
HSLC580N,1,HSLC580N_2.png
HSFM143,1,HSFM143_0.png
HSFM143,1,HSFM143_1.png
HSFM143,1,HSFM143_2.png
HSFM143,1,HSFM143_3.png
HSFM143,1,HSFM143_4.png
HSFM143,1,HSFM143_5.png
HSFA062,1,HSFA062_0.png
HSFA062,1,HSFA062_1.png
HSFA062,1,HSFA062_2.png
HSFA062,1,HSFA062_3.png
HSFA062,1,HSFA062_4.png
HSFA062,1,HSFA062_5.png
HSFS103,1,HSFS103_0.png
HSFS103,1,HSFS103_1.png
HSFS103,1,HSFS103_2.png
HSFS103,1,HSFS103_3.png
HSFS103,1,HSFS103_4.png
HSFS103,1,HSFS103_5.png
HSFC083C,1,HSFC083C_0.png
HSFC083C,1,HSFC083C_1.png
HSFP093,1,HSFP093_0.png
HSFP093,1,HSFP093_1.png
HSFP093,1,HSFP093_2.png
HSFP093,1,HSFP093_3.png
HSFP093,1,HSFP093_4.png
HSFP093,1,HSFP093_5.png
HSFP093,1,HSFP093_6.png
HSLA151N,1,HSLA151N_0.png
HSLA151N,1,HSLA151N_1.png
HSFP191,1,HSFP191_0.png
HSFP191,1,HSFP191_1.png
HSFP191,1,HSFP191_2.png
HSFP191,1,HSFP191_3.png
HSFP191,1,HSFP191_4.png
HSFP191,1,HSFP191_5.png
HSFM093,1,HSFM093_0.png
HSFM093,1,HSFM093_1.png
HSFM093,1,HSFM093_2.png
HSFM093,1,HSFM093_3.png
HSFM093,1,HSFM093_4.png
HSFM093,1,HSFM093_5.png
HSLA563,1,HSLA563_0.png
HSLA563,1,HSLA563_1.png
HSLA563,1,HSLA563_2.png
HSLA563,1,HSLA563_3.png
HSLA563,1,HSLA563_4.png
HSFC581,1,HSFC581_0.png
HSFC581,1,HSFC581_1.png
HSFC581,1,HSFC581_2.png
HSFC581,1,HSFC581_3.png
HSFC581,1,HSFC581_4.png
HSFC581,1,HSFC581_5.png
HSFC581,1,HSFC581_6.png
HSFS113,1,HSFS113_0.png
HSFS113,1,HSFS113_1.png
HSFS113,1,HSFS113_2.png
HSFS113,1,HSFS113_3.png
HSFS113,1,HSFS113_4.png
HSFS113,1,HSFS113_5.png
HSFS113,1,HSFS113_6.png
HSFA162,1,HSFA162_0.png
HSFA162,1,HSFA162_1.png
HSFA162,1,HSFA162_2.png
HSFA162,1,HSFA162_3.png
HSFA162,1,HSFA162_4.png
HSFA162,1,HSFA162_5.png
HSFM096,1,HSFM096_0.png
HSFM096,1,HSFM096_1.png
HSFM096,1,HSFM096_2.png
HSFM096,1,HSFM096_3.png
HSFM096,1,HSFM096_4.png
HSFM096,1,HSFM096_5.png
HSFC582,1,HSFC582_0.png
HSFC582,1,HSFC582_1.png
HSLC064N,1,HSLC064N_0.png
HSLC064N,1,HSLC064N_1.png
HSLC064N,1,HSLC064N_2.png
HCS4400S,1,HCS4400S_0.png
HCS4400S,1,HCS4400S_1.png
HSFC580,1,HSFC580_0.png
HSFC580,1,HSFC580_1.png
HSLA0040H,1,HSLA0040H_0.png
HSLA0040H,1,HSLA0040H_1.png
HSLA0040H,1,HSLA0040H_2.png
HSLA0040H,1,HSLA0040H_3.png
HSLA0040H,1,HSLA0040H_4.png
HSLA0040H,1,HSLA0040H_5.png
HSLA0040H,1,HSLA0040H_6.png
HSLA0040H,1,HSLA0040H_7.png
HSLC581,1,HSLC581_0.png
HSLC581,1,HSLC581_1.png
HSLC581,1,HSLC581_2.png
HSFC8083,1,HSFC8083_0.png
HSFC8083,1,HSFC8083_1.png
HSLC064EN,1,HSLC064EN_0.png
HSLC064EN,1,HSLC064EN_1.png
HSLC064EN,1,HSLC064EN_2.png
HSLA0041,1,HSLA0041_0.png
HSLA0041,1,HSLA0041_1.png
HSLA0050,1,HSLA0050_0.png
HSLA0050,1,HSLA0050_1.png
HSLA0050,1,HSLA0050_2.png
HSLA0050,1,HSLA0050_3.png
HSLC051W,1,HSLC051W_0.png
HSLC051W,1,HSLC051W_1.png
HSLC051W,1,HSLC051W_2.png
HSRP0303,1,HSRP0303_0.png
HSRP0303,1,HSRP0303_1.png
HSFP0060,1,HSFP0060_0.png
HSFP0060,1,HSFP0060_1.png
HSLA0040L,1,HSLA0040L_0.png
HSLA0040L,1,HSLA0040L_1.png
HSLA0051,1,HSLA0051_0.png
HSLA0051,1,HSLA0051_1.png
HSFS0060,1,HSFS0060_0.png
HSFS0060,1,HSFS0060_1.png
HSQS010,1,HSQS010_0.png
HSQS010,1,HSQS010_1.png
HSQC090,1,HSQC090_0.png
HSQC090,1,HSQC090_1.png
HSQM095,1,HSQM095_0.png
HSQM095,1,HSQM095_1.png
HSQP095,1,HSQP095_0.png
HSQP095,1,HSQP095_1.png
IPK0001A,1,IPK0001A_0.png
IPK0001A,1,IPK0001A_1.png
ICS0000A,1,ICS0000A_0.png
ICS0000A,1,ICS0000A_1.png
IPK0002A,1,IPK0002A_0.png
IPK0002A,1,IPK0002A_1.png
IPK0002A,1,IPK0002A_2.png
IPK0002A,1,IPK0002A_3.png
IPK0002A,1,IPK0002A_4.png
IPK0002A,1,IPK0002A_5.png
IPK0002A,1,IPK0002A_6.png
IPP80AP00A,1,IPP80AP00A_0.png
IPP80AP00A,1,IPP80AP00A_1.png
ICB0000A,1,ICB0000A_0.png
ICB0000A,1,ICB0000A_1.png
HSVD015,1,HSVD015_0.png
HSVD015,1,HSVD015_1.png
HSUD014P,1,HSUD014P_0.png
HSUD014P,1,HSUD014P_1.png
HSMD410C,1,HSMD410C_0.png
HSMD410C,1,HSMD410C_1.png
HSMD816,1,HSMD816_0.png
HSMD816,1,HSMD816_1.png
HSMD816,1,HSMD816_2.png
HSMD816,1,HSMD816_3.png
HSJD012HP,1,HSJD012HP_0.png
HSJD012HP,1,HSJD012HP_1.png
HSJD012HP,1,HSJD012HP_2.png
HSGD122,1,HSGD122_0.png
HSGD122,1,HSGD122_1.png
HSGD122,1,HSGD122_2.png
HSGD082,1,HSGD082_0.png
HSGD082,1,HSGD082_1.png
HSGD082,1,HSGD082_2.png
HSGD120,1,HSGD120_0.png
HSGD120,1,HSGD120_1.png
HSGD120,1,HSGD120_2.png
HSGD080,1,HSGD080_0.png
HSGD080,1,HSGD080_1.png
HSGD080,1,HSGD080_2.png
HSGD123,1,HSGD123_0.png
HSGD123,1,HSGD123_1.png
HSGD123,1,HSGD123_2.png
HSGD123P,1,HSGD123P_0.png
HSGD123P,1,HSGD123P_1.png
HSGD123P,1,HSGD123P_2.png
HSG120HP,1,HSG120HP_0.png
HSG120HP,1,HSG120HP_1.png
HSG120HP,1,HSG120HP_2.png
HSJD012,1,HSJD012_0.png
HSJD012,1,HSJD012_1.png
HSJD012,1,HSJD012_2.png
HSGD160P,1,HSGD160P_0.png
HSGD160P,1,HSGD160P_1.png
HSGD160P,1,HSGD160P_2.png
HSGD083,1,HSGD083_0.png
HSGD083,1,HSGD083_1.png
HSGD083,1,HSGD083_2.png
HSGA0006,1,HSGA0006_0.png
HSGA0006,1,HSGA0006_1.png
HSGA0005,1,HSGA0005_0.png
HSGA0005,1,HSGA0005_1.png
HSGD120C,1,HSGD120C_0.png
HSGD120C,1,HSGD120C_1.png
HSGD120C,1,HSGD120C_2.png
HSG01A,1,HSG01A_0.png
HSG01A,1,HSG01A_1.png
HSG01A,1,HSG01A_2.png
HSG120H,1,HSG120H_0.png
HSG120H,1,HSG120H_1.png
HSG120H,1,HSG120H_2.png
HSGD080E,1,HSGD080E_0.png
HSGD080E,1,HSGD080E_1.png
HSGD080E,1,HSGD080E_2.png
HSG160HP,1,HSG160HP_0.png
HSG160HP,1,HSG160HP_1.png
HSG160HP,1,HSG160HP_2.png
HSGA010,1,HSGA010_0.png
HSGA010,1,HSGA010_1.png
HSGD160CA,1,HSGD160CA_0.png
HSGD160CA,1,HSGD160CA_1.png
HSGD160CA,1,HSGD160CA_2.png
HSGD120P,1,HSGD120P_0.png
HSGD120P,1,HSGD120P_1.png
HSGD120P,1,HSGD120P_2.png
HSGD240P,1,HSGD240P_0.png
HSGD240P,1,HSGD240P_1.png
HSGD240P,1,HSGD240P_2.png
HSGD163P,1,HSGD163P_0.png
HSGD163P,1,HSGD163P_1.png
HSGD163P,1,HSGD163P_2.png
HSGD160C,1,HSGD160C_0.png
HSGD160C,1,HSGD160C_1.png
HSGD160C,1,HSGD160C_2.png
HSGD120E,1,HSGD120E_0.png
HSGD120E,1,HSGD120E_1.png
HSGD120E,1,HSGD120E_2.png
HSGA0004,1,HSGA0004_0.png
HSGA0004,1,HSGA0004_1.png
HSGA0001,1,HSGA0001_0.png
HSGA0001,1,HSGA0001_1.png
HSGA0003,1,HSGA0003_0.png
HSGA0003,1,HSGA0003_1.png
HSGD120CA,1,HSGD120CA_0.png
HSGD120CA,1,HSGD120CA_1.png
HSGD120CA,1,HSGD120CA_2.png
HSGA0002,1,HSGA0002_0.png
HSGA0002,1,HSGA0002_1.png
HSGD162P,1,HSGD162P_0.png
HSGD162P,1,HSGD162P_1.png
HSGD162P,1,HSGD162P_2.png
HSGD122P,1,HSGD122P_0.png
HSGD122P,1,HSGD122P_1.png
HSGD122P,1,HSGD122P_2.png
HSGD163C,1,HSGD163C_0.png
HSGD163C,1,HSGD163C_1.png
HSGD163C,1,HSGD163C_2.png
HSGD162C,1,HSGD162C_0.png
HSGD162C,1,HSGD162C_1.png
HSGD162C,1,HSGD162C_2.png
HSGD122C,1,HSGD122C_0.png
HSGD122C,1,HSGD122C_1.png
HSGD122C,1,HSGD122C_2.png
HSGD123C,1,HSGD123C_0.png
HSGD123C,1,HSGD123C_1.png
HSGD123C,1,HSGD123C_2.png
HSJC0103,1,HSJC0103_0.png
HSJC0103,1,HSJC0103_1.png
HSJC0063,1,HSJC0063_0.png
HSJC0063,1,HSJC0063_1.png
HSYB082,1,HSYB082_0.png
HSYB082,1,HSYB082_1.png
HSYB082,1,HSYB082_2.png
HSYB082,1,HSYB082_3.png
HSYB082,1,HSYB082_4.png
HSYB042,1,HSYB042_0.png
HSYB042,1,HSYB042_1.png
HSVP042,1,HSVP042_0.png
HSVP042,1,HSVP042_1.png
HSMP1303,1,HSMP1303_0.png
HSMP1303,1,HSMP1303_1.png
HSGP0303,1,HSGP0303_0.png
HSGP0303,1,HSGP0303_1.png
HSNA1010,1,HSNA1010_0.png
HSNA1010,1,HSNA1010_1.png
HSNA1010,1,HSNA1010_2.png
HSNA1010,1,HSNA1010_3.png
HSNA1010,1,HSNA1010_4.png
HSLA380N,1,HSLA380N_0.png
HSLA380N,1,HSLA380N_1.png
HSLA380N,1,HSLA380N_2.png
HSLA380N,1,HSLA380N_3.png
HSLA380N,1,HSLA380N_4.png
HSBA0006,1,HSBA0006_0.png
HSBA0006,1,HSBA0006_1.png
HSBA0006,1,HSBA0006_2.png
HCS4006A,1,HCS4006A_0.png
HCS4006A,1,HCS4006A_1.png
HCS4006A,1,HCS4006A_2.png
HCS4006A,1,HCS4006A_3.png
HCH2711A,1,HCH2711A_0.png
HCH2711A,1,HCH2711A_1.png
HCH2711A,1,HCH2711A_2.png
HCH2711A,1,HCH2711A_3.png
HCH2711A,1,HCH2711A_4.png
HCH2711A,1,HCH2711A_5.png
HCH2711A,1,HCH2711A_6.png
HCH2000A,1,HCH2000A_0.png
HCH2000A,1,HCH2000A_1.png
HCH2000A,1,HCH2000A_2.png
HCH2000A,1,HCH2000A_3.png
HCS4003A,1,HCS4003A_0.png
HCS4003A,1,HCS4003A_1.png
HCS4003A,1,HCS4003A_2.png
HCH2200A,1,HCH2200A_0.png
HCH2200A,1,HCH2200A_1.png
HCH2200A,1,HCH2200A_2.png
HCH2200A,1,HCH2200A_3.png
HCH2200A,1,HCH2200A_4.png
HCH2200A,1,HCH2200A_5.png
HCH271A,1,HCH271A_0.png
HCH271A,1,HCH271A_1.png
HCH271A,1,HCH271A_2.png
HCS4007A,1,HCS4007A_0.png
HCS4007A,1,HCS4007A_1.png
HCS4018A,1,HCS4018A_0.png
HCS4018A,1,HCS4018A_1.png
HCS4017A,1,HCS4017A_0.png
HCS4017A,1,HCS4017A_1.png
HCS4016A,1,HCS4016A_0.png
HCS4016A,1,HCS4016A_1.png
HVCS4002A,1,HVCS4002A_0.png
HVCS4002A,1,HVCS4002A_1.png
HVCS4002A,1,HVCS4002A_2.png
HCS4019A,1,HCS4019A_0.png
HCS4019A,1,HCS4019A_1.png
HVCS4001A,1,HVCS4001A_0.png
HVCS4001A,1,HVCS4001A_1.png
HVCS4001A,1,HVCS4001A_2.png
HVCS4001A,1,HVCS4001A_3.png
HVCS4001A,1,HVCS4001A_4.png
HCS4020A,1,HCS4020A_0.png
HCS4020A,1,HCS4020A_1.png
HSSE270,1,HSSE270_0.png
HSSE270,1,HSSE270_1.png
HSSE270,1,HSSE270_2.png
HSSE270,1,HSSE270_3.png
HSSE270,1,HSSE270_4.png
HSSE270,1,HSSE270_5.png
HSSE270,1,HSSE270_6.png
HSSE270,1,HSSE270_7.png
HSSE270,1,HSSE270_8.png
HSSE270,1,HSSE270_9.png
HSSE270,1,HSSE270_10.png
HSSE270,1,HSSE270_11.png
HSSE270,1,HSSE270_12.png
HA42E03EL,1,HA42E03EL_0.png
HA42E03EL,1,HA42E03EL_1.png
HA42E03EL,1,HA42E03EL_2.png
HA42E03EL,1,HA42E03EL_3.png
HA42E03EL,1,HA42E03EL_4.png
HSSE270E,1,HSSE270E_0.png
HSSE270E,1,HSSE270E_1.png
HSSE270E,1,HSSE270E_2.png
HSSE270E,1,HSSE270E_3.png
HSSE270E,1,HSSE270E_4.png
HSSE280P,1,HSSE280P_0.png
HSSE280P,1,HSSE280P_1.png
HSSE280P,1,HSSE280P_2.png
HSSE280P,1,HSSE280P_3.png
HSSE280P,1,HSSE280P_4.png
HSSE280P,1,HSSE280P_5.png
HSSE280P,1,HSSE280P_6.png
HSSE280P,1,HSSE280P_7.png
HSSE280P,1,HSSE280P_8.png
HSSE280P,1,HSSE280P_9.png
HSSE280P,1,HSSE280P_10.png
HSSE280P,1,HSSE280P_11.png
HSSE280P,1,HSSE280P_12.png
HSSE250LP,1,HSSE250LP_0.png
HSSE250LP,1,HSSE250LP_1.png
HSSE250LP,1,HSSE250LP_2.png
HSSE250LP,1,HSSE250LP_3.png
HSSE250LP,1,HSSE250LP_4.png
HSSE250LP,1,HSSE250LP_5.png
HSSE250LP,1,HSSE250LP_6.png
HSSE250LP,1,HSSE250LP_7.png
HSSE250LP,1,HSSE250LP_8.png
HSSE280,1,HSSE280_0.png
HSSE280,1,HSSE280_1.png
HSSE280,1,HSSE280_2.png
HSSE280,1,HSSE280_3.png
HSSE280,1,HSSE280_4.png
HSSE280,1,HSSE280_5.png
HSSE280,1,HSSE280_6.png
HSSE280,1,HSSE280_7.png
HSSE280,1,HSSE280_8.png
HSSE280,1,HSSE280_9.png
HSSE280,1,HSSE280_10.png
HSSE280,1,HSSE280_11.png
HSSE280,1,HSSE280_12.png
HSE151HFN,1,HSE151HFN_0.png
HSE151HFN,1,HSE151HFN_1.png
HSSE260,1,HSSE260_0.png
HSSE260,1,HSSE260_1.png
HSSE0000F,1,HSSE0000F_0.png
HSSE0000F,1,HSSE0000F_1.png
HSSE0000F,1,HSSE0000F_2.png
HSSE0000F,1,HSSE0000F_3.png
HSSE170,1,HSSE170_0.png
HSSE170,1,HSSE170_1.png
HSSE170,1,HSSE170_2.png
HSSE180,1,HSSE180_0.png
HSSE180,1,HSSE180_1.png
HSSE180,1,HSSE180_2.png
HSSE250LEN,1,HSSE250LEN_0.png
HSSE250LEN,1,HSSE250LEN_1.png
HSSE250LEN,1,HSSE250LEN_2.png
HSSE250LEN,1,HSSE250LEN_3.png
HSSE250LEN,1,HSSE250LEN_4.png
HSSE250LEN,1,HSSE250LEN_5.png
HSSE250LEN,1,HSSE250LEN_6.png
HSSE250FP,1,HSSE250FP_0.png
HSSE250FP,1,HSSE250FP_1.png
HSSE250FP,1,HSSE250FP_2.png
HSSE250FP,1,HSSE250FP_3.png
HSSE250FP,1,HSSE250FP_4.png
HSSE250FP,1,HSSE250FP_5.png
HSSE250FP,1,HSSE250FP_6.png
HSSE250FP,1,HSSE250FP_7.png
HSSE250FP,1,HSSE250FP_8.png
HSSE250FN,1,HSSE250FN_0.png
HSSE250FN,1,HSSE250FN_1.png
HSSE250FN,1,HSSE250FN_2.png
HSSE250FN,1,HSSE250FN_3.png
HSSE250FN,1,HSSE250FN_4.png
HSSE250FN,1,HSSE250FN_5.png
HSSE250FN,1,HSSE250FN_6.png
HSSE250FN,1,HSSE250FN_7.png
HSSE250FN,1,HSSE250FN_8.png
HSKF0010N,1,HSKF0010N_0.png
HSKF0010N,1,HSKF0010N_1.png
HSKF0010N,1,HSKF0010N_2.png
HSSE280PM,1,HSSE280PM_0.png
HSSE280PM,1,HSSE280PM_1.png
HSSE280PM,1,HSSE280PM_2.png
HSSE280PM,1,HSSE280PM_3.png
HSSE280PM,1,HSSE280PM_4.png
HSSE280PM,1,HSSE280PM_5.png
HSSE280PM,1,HSSE280PM_6.png
HSSE280PM,1,HSSE280PM_7.png
HSSE280PM,1,HSSE280PM_8.png
HSSE280PM,1,HSSE280PM_9.png
HSSE280PM,1,HSSE280PM_10.png
HSSE280PM,1,HSSE280PM_11.png
HSSE280PM,1,HSSE280PM_12.png
HSSE2000F,1,HSSE2000F_0.png
HSSE2000F,1,HSSE2000F_1.png
HSSE2000F,1,HSSE2000F_2.png
HSSE2000F,1,HSSE2000F_3.png
HSSE2000F,1,HSSE2000F_4.png
HSSE2000F,1,HSSE2000F_5.png
HSSE2000F,1,HSSE2000F_6.png
HSSE250FEN,1,HSSE250FEN_0.png
HSSE250FEN,1,HSSE250FEN_1.png
HSSE250FEN,1,HSSE250FEN_2.png
HSSE250FEN,1,HSSE250FEN_3.png
HSSE250FEN,1,HSSE250FEN_4.png
HSSE250FEN,1,HSSE250FEN_5.png
HSSE250FEN,1,HSSE250FEN_6.png
HCX0001BA,1,HCX0001BA_0.png
HCX0001BA,1,HCX0001BA_1.png
HCX0001RB,1,HCX0001RB_0.png
HCX0001RB,1,HCX0001RB_1.png
HCX0001RB,1,HCX0001RB_2.png
HCH290WS,1,HCH290WS_0.png
HCH290WS,1,HCH290WS_1.png
HCH290WS,1,HCH290WS_2.png
HCH290WS,1,HCH290WS_3.png
HCH290WS,1,HCH290WS_4.png
HCH290WS,1,HCH290WS_5.png
HCH290WS,1,HCH290WS_6.png
HCH380F,1,HCH380F_0.png
HCH380F,1,HCH380F_1.png
HCH380F,1,HCH380F_2.png
HCH380F,1,HCH380F_3.png
HCH1008,1,HCH1008_0.png
HCH1008,1,HCH1008_1.png
HCH1008,1,HCH1008_2.png
HCH290WF,1,HCH290WF_0.png
HCH290WF,1,HCH290WF_1.png
HCH290WF,1,HCH290WF_2.png
HCH290WF,1,HCH290WF_3.png
HCH290WF,1,HCH290WF_4.png
HCH290WF,1,HCH290WF_5.png
HCH290WF,1,HCH290WF_6.png
HCH1008W,1,HCH1008W_0.png
HCH1008W,1,HCH1008W_1.png
HCH1008W,1,HCH1008W_2.png
HCH1008W,1,HCH1008W_3.png
HCX0001RA,1,HCX0001RA_0.png
HCX0001RA,1,HCX0001RA_1.png
HCH0020,1,HCH0020_0.png
HCH0020,1,HCH0020_1.png
HCH0020,1,HCH0020_2.png
HCH0020,1,HCH0020_3.png
HCX0001BB,1,HCX0001BB_0.png
HCX0001BB,1,HCX0001BB_1.png
HCX0001BB,1,HCX0001BB_2.png
HCX0006R,1,HCX0006R_0.png
HCX0006R,1,HCX0006R_1.png
HCH380S,1,HCH380S_0.png
HCH380S,1,HCH380S_1.png
HCH380S,1,HCH380S_2.png
HCH380S,1,HCH380S_3.png
HCH290F,1,HCH290F_0.png
HCH290F,1,HCH290F_1.png
HCH0020W,1,HCH0020W_0.png
HCH0020W,1,HCH0020W_1.png
HCH0020W,1,HCH0020W_2.png
HCH290S,1,HCH290S_0.png
HCH290S,1,HCH290S_1.png
HXCH6000F,1,HXCH6000F_0.png
HXCH6000F,1,HXCH6000F_1.png
HXCH6000F,1,HXCH6000F_2.png
HXCH6000F,1,HXCH6000F_3.png
HVCH2810FC,1,HVCH2810FC_0.png
HVCH2810FC,1,HVCH2810FC_1.png
HVCH2810FC,1,HVCH2810FC_2.png
HVCH2810FC,1,HVCH2810FC_3.png
HVCH2810FC,1,HVCH2810FC_4.png
HVCH2810FSC,1,HVCH2810FSC_0.png
HVCH2810FSC,1,HVCH2810FSC_1.png
HVCH2810FSC,1,HVCH2810FSC_2.png
HVCH2810FSC,1,HVCH2810FSC_3.png
HVCH2810FSC,1,HVCH2810FSC_4.png
HVCH2810F,1,HVCH2810F_0.png
HVCH2810F,1,HVCH2810F_1.png
HVCH2810F,1,HVCH2810F_2.png
HVCH2810F,1,HVCH2810F_3.png
HVCH2810F,1,HVCH2810F_4.png
HVCH2810FS,1,HVCH2810FS_0.png
HVCH2810FS,1,HVCH2810FS_1.png
HVCH2810FS,1,HVCH2810FS_2.png
HVCH2810FS,1,HVCH2810FS_3.png
HVCH2810FS,1,HVCH2810FS_4.png
HCH3501HL,1,HCH3501HL_0.png
HCH3501HL,1,HCH3501HL_1.png
HCH3501HL,1,HCH3501HL_2.png
HCH3501HL,1,HCH3501HL_3.png
HCH3510HL,1,HCH3510HL_0.png
HCH3510HL,1,HCH3510HL_1.png
HCH3800H,1,HCH3800H_0.png
HCH3800H,1,HCH3800H_1.png
HCH3800H,1,HCH3800H_2.png
HCH3700,1,HCH3700_0.png
HCH3700,1,HCH3700_1.png
HCH3700,1,HCH3700_2.png
HCH3600L,1,HCH3600L_0.png
HCH3600L,1,HCH3600L_1.png
HCH3600L,1,HCH3600L_2.png
HCH3800T,1,HCH3800T_0.png
HCH3800T,1,HCH3800T_1.png
HCH3800T,1,HCH3800T_2.png
HCH3510L,1,HCH3510L_0.png
HCH3510L,1,HCH3510L_1.png
HCH3501L,1,HCH3501L_0.png
HCH3501L,1,HCH3501L_1.png
HCH3501L,1,HCH3501L_2.png
HCH3501L,1,HCH3501L_3.png
HCH3510KHL,1,HCH3510KHL_0.png
HCH3510KHL,1,HCH3510KHL_1.png
HCH3501KHL,1,HCH3501KHL_0.png
HCH3501KHL,1,HCH3501KHL_1.png
HCH3510KL,1,HCH3510KL_0.png
HCH3510KL,1,HCH3510KL_1.png
HCH3501KL,1,HCH3501KL_0.png
HCH3501KL,1,HCH3501KL_1.png
HSVC126N,1,HSVC126N_0.png
HSVC126N,1,HSVC126N_1.png
HSVC086N,1,HSVC086N_0.png
HSVC086N,1,HSVC086N_1.png
HSVC124N,1,HSVC124N_0.png
HSVC124N,1,HSVC124N_1.png
HSVC084N,1,HSVC084N_0.png
HSVC084N,1,HSVC084N_1.png
HT50T18EL,1,HT50T18EL_0.png
HT50T18EL,1,HT50T18EL_1.png
HT70Y21EL,1,HT70Y21EL_0.png
HT70Y21EL,1,HT70Y21EL_1.png
HT70Y21EL,1,HT70Y21EL_2.png
HT40Y14EL,1,HT40Y14EL_0.png
HT40Y14EL,1,HT40Y14EL_1.png
HT40Y14EL,1,HT40Y14EL_2.png
HT30T14EL,1,HT30T14EL_0.png
HT30T14EL,1,HT30T14EL_1.png
HT70Y17EL,1,HT70Y17EL_0.png
HT70Y17EL,1,HT70Y17EL_1.png
HT70Y17EL,1,HT70Y17EL_2.png
HT30T16EL,1,HT30T16EL_0.png
HT30T16EL,1,HT30T16EL_1.png
HT40Y08EL,1,HT40Y08EL_0.png
HT40Y08EL,1,HT40Y08EL_1.png
HT40Y08EL,1,HT40Y08EL_2.png
HL13T10HL,1,HL13T10HL_0.png
HL13T10HL,1,HL13T10HL_1.png
HL13T10HL,1,HL13T10HL_2.png
HTUD1200H,1,HTUD1200H_0.png
HTUD1200H,1,HTUD1200H_1.png
HT90Y19HF,1,HT90Y19HF_0.png
HT90Y19HF,1,HT90Y19HF_1.png
HT90Y16EF,1,HT90Y16EF_0.png
HT90Y16EF,1,HT90Y16EF_1.png
HL13T19HF,1,HL13T19HF_0.png
HL13T19HF,1,HL13T19HF_1.png
HT11T14EEN,1,HT11T14EEN_0.png
HT11T14EEN,1,HT11T14EEN_1.png
HT71Y17EL,1,HT71Y17EL_0.png
HT71Y17EL,1,HT71Y17EL_1.png
HT11T13EL,1,HT11T13EL_0.png
HT11T13EL,1,HT11T13EL_1.png
HL13T16HF,1,HL13T16HF_0.png
HL13T16HF,1,HL13T16HF_1.png
HSUD014HF,1,HSUD014HF_0.png
HSUD014HF,1,HSUD014HF_1.png
HL12T14HL,1,HL12T14HL_0.png
HL12T14HL,1,HL12T14HL_1.png
HT13Y16EF,1,HT13Y16EF_0.png
HT13Y16EF,1,HT13Y16EF_1.png
HSUD014H,1,HSUD014H_0.png
HSUD014H,1,HSUD014H_1.png
HT90Y19EF,1,HT90Y19EF_0.png
HT90Y19EF,1,HT90Y19EF_1.png
HTUD1201H,1,HTUD1201H_0.png
HTUD1201H,1,HTUD1201H_1.png
HL13T14HF,1,HL13T14HF_0.png
HL13T14HF,1,HL13T14HF_1.png
HT71Y21EL,1,HT71Y21EL_0.png
HT71Y21EL,1,HT71Y21EL_1.png
HL12T08HL,1,HL12T08HL_0.png
HL12T08HL,1,HL12T08HL_1.png
HTF0E15EL,1,HTF0E15EL_0.png
HTF0E15EL,1,HTF0E15EL_1.png
HTF0E15EL,1,HTF0E15EL_2.png
HT13Y13EF,1,HT13Y13EF_0.png
HT13Y13EF,1,HT13Y13EF_1.png
HL13T10HF,1,HL13T10HF_0.png
HL13T10HF,1,HL13T10HF_1.png
HTF0E09EL,1,HTF0E09EL_0.png
HTF0E09EL,1,HTF0E09EL_1.png
HTF0E09EL,1,HTF0E09EL_2.png
HCH7100,1,HCH7100_0.png
HCH7100,1,HCH7100_1.png
HT40Y11HL,1,HT40Y11HL_0.png
HT40Y11HL,1,HT40Y11HL_1.png
HT40E11HL,1,HT40E11HL_0.png
HT40E11HL,1,HT40E11HL_1.png
HT40E11HL,1,HT40E11HL_2.png
HT40Y06HL,1,HT40Y06HL_0.png
HT40Y06HL,1,HT40Y06HL_1.png
HT40E06HL,1,HT40E06HL_0.png
HT40E06HL,1,HT40E06HL_1.png
HT40E06HL,1,HT40E06HL_2.png
HT40Y11LL,1,HT40Y11LL_0.png
HT40Y11LL,1,HT40Y11LL_1.png
HT40E10HL,1,HT40E10HL_0.png
HT40E10HL,1,HT40E10HL_1.png
HT40E10HL,1,HT40E10HL_2.png
HC60Y083H,1,HC60Y083H_0.png
HC60Y083H,1,HC60Y083H_1.png
HC60Y083H,1,HC60Y083H_2.png
HT40Y10HL,1,HT40Y10HL_0.png
HT40Y10HL,1,HT40Y10HL_1.png
HC60Y061E,1,HC60Y061E_0.png
HC60Y061E,1,HC60Y061E_1.png
HC60Y061E,1,HC60Y061E_2.png
HC60Y083E,1,HC60Y083E_0.png
HC60Y083E,1,HC60Y083E_1.png
HC60Y083E,1,HC60Y083E_2.png
HT40Y06LL,1,HT40Y06LL_0.png
HT40Y06LL,1,HT40Y06LL_1.png
HT40U01EEE,1,HT40U01EEE_0.png
HT40U01EEE,1,HT40U01EEE_1.png
HT40Y10LL,1,HT40Y10LL_0.png
HT40Y10LL,1,HT40Y10LL_1.png
HA13Y068E,1,HA13Y068E_0.png
HA13Y068E,1,HA13Y068E_1.png
HC60Y082E,1,HC60Y082E_0.png
HC60Y082E,1,HC60Y082E_1.png
HC60Y082E,1,HC60Y082E_2.png
HCB1E10L,1,HCB1E10L_0.png
HCB1E10L,1,HCB1E10L_1.png
HCB1E10L,1,HCB1E10L_2.png
HC60Y082H,1,HC60Y082H_0.png
HC60Y082H,1,HC60Y082H_1.png
HC60Y082H,1,HC60Y082H_2.png
HT41Y10HL,1,HT41Y10HL_0.png
HT41Y10HL,1,HT41Y10HL_1.png
HCB2E10L,1,HCB2E10L_0.png
HCB2E10L,1,HCB2E10L_1.png
HCB1E90L,1,HCB1E90L_0.png
HCB1E90L,1,HCB1E90L_1.png
HCB1E90L,1,HCB1E90L_2.png
HCB1E95L,1,HCB1E95L_0.png
HCB1E95L,1,HCB1E95L_1.png
HCB1E95L,1,HCB1E95L_2.png
IKP0001A,1,IKP0001A_0.png
IKP0001A,1,IKP0001A_1.png
IKP0001A,1,IKP0001A_2.png
IKP0003A,1,IKP0003A_0.png
IKP0003A,1,IKP0003A_1.png
IKP0003A,1,IKP0003A_2.png
IKB0001A,1,IKB0001A_0.png
IKB0001A,1,IKB0001A_1.png
IKB0003A,1,IKB0003A_0.png
IKB0003A,1,IKB0003A_1.png
IKB0003A,1,IKB0003A_2.png
IKB0002A,1,IKB0002A_0.png
IKB0002A,1,IKB0002A_1.png
IKP0002A,1,IKP0002A_0.png
IKP0002A,1,IKP0002A_1.png
IKP0002A,1,IKP0002A_2.png
HCH0018A,1,HCH0018A_0.png
HCH0018A,1,HCH0018A_1.png
HCH0018A,1,HCH0018A_2.png
HCH0018F,1,HCH0018F_0.png
HCH0018F,1,HCH0018F_1.png
HCH0018F,1,HCH0018F_2.png
HCH0014RP,1,HCH0014RP_0.png
HCH0014RP,1,HCH0014RP_1.png
HCH0014RP,1,HCH0014RP_2.png
HCH0014RP,1,HCH0014RP_3.png
HCH0014RP,1,HCH0014RP_4.png
HCH0014AN,1,HCH0014AN_0.png
HCH0014AN,1,HCH0014AN_1.png
HCH0014AN,1,HCH0014AN_2.png
HCH0009,1,HCH0009_0.png
HCH0009,1,HCH0009_1.png
HCH0009,1,HCH0009_2.png
HCH0009,1,HCH0009_3.png
HCH0014R,1,HCH0014R_0.png
HCH0014R,1,HCH0014R_1.png
HCH0014R,1,HCH0014R_2.png
HCH0014R,1,HCH0014R_3.png
HCH014B,1,HCH014B_0.png
HCH014B,1,HCH014B_1.png
HCH014B,1,HCH014B_2.png
HCH014B,1,HCH014B_3.png
HCH3001,1,HCH3001_0.png
HCH3001,1,HCH3001_1.png
HCH0014FN,1,HCH0014FN_0.png
HCH0014FN,1,HCH0014FN_1.png
HCH0014FN,1,HCH0014FN_2.png
HCH0014FN,1,HCH0014FN_3.png
HCH016B,1,HCH016B_0.png
HCH016B,1,HCH016B_1.png
HCH016B,1,HCH016B_2.png
HCH016B,1,HCH016B_3.png
HCH9001,1,HCH9001_0.png
HCH9001,1,HCH9001_1.png
HCH6000,1,HCH6000_0.png
HCH6000,1,HCH6000_1.png
HCH6001,1,HCH6001_0.png
HCH6001,1,HCH6001_1.png
HXCH0114F,1,HXCH0114F_0.png
HXCH0114F,1,HXCH0114F_1.png
HXCH0114F,1,HXCH0114F_2.png
HCH3001A,1,HCH3001A_0.png
HCH3001A,1,HCH3001A_1.png
HCH3001A,1,HCH3001A_2.png
HCH3001A,1,HCH3001A_3.png
HCH3001F,1,HCH3001F_0.png
HCH3001F,1,HCH3001F_1.png
HCH3001F,1,HCH3001F_2.png
HCH0018S,1,HCH0018S_0.png
HCH0018S,1,HCH0018S_1.png
HCH0018S,1,HCH0018S_2.png
